run,adapter,taskId,internalPass,answer,failureReason,strictScore,manualCorrected,referenceMatchType,envStatus,verdictReasons,partialCredit,referenceAnswer,refType,question,plannerCalls,traceDir
webvoyager_lite_1787773616455,browsegent,Allrecipes--3,False,,planner_escalated:captcha:The page is protected by a Cloudflare Turnstile challenge which cannot be bypassed.,0,0,not_applicable,environment_block,benchmark_result_failed|environment_block,0,"'Vegan Chocolate Chip, Oatmeal, and Nut Cookies', 4.9 star, 67 viewers (> 60)",golden,Locate a recipe for vegan chocolate chip cookies with over 60 reviews and a rating of at least 4.5 stars on Allrecipes.,3,D:\BrowseGent\logs\webvoyager-lite\webvoyager_lite_1787773616455\traces\webvoyager_lite_1787773616455_webvoyager_Allrecipes__3_a1\
webvoyager_lite_1787773616455,browsegent,Allrecipes--10,False,,planner_escalated:captcha:The page is protected by a Cloudflare Turnstile challenge which prevents automated access to the content.,0,0,not_applicable,environment_block,benchmark_result_failed|environment_block,0,"'Swedish Meatballs I', prep time 25 mins, total time 1 hour 25 mins",golden,"Find The Most Popular Recipes of the 1960s, noting the recipe name, preparation time and total time of the second recipe in this collection.",3,D:\BrowseGent\logs\webvoyager-lite\webvoyager_lite_1787773616455\traces\webvoyager_lite_1787773616455_webvoyager_Allrecipes__10_a1\
webvoyager_lite_1787773616455,browsegent,Amazon--0,True,The search results for 'green Xbox Wireless controller' include several options rated above 4 stars. Notable items include the 'Xbox Wireless Gaming Controller | Velocity Green' (v2ref_1293) with a 4.6-star rating (v2ref_1296) and the 'Microsoft Xbox Wireless Controller - Velocity Green' (v2ref_1311) with a 4.7-star rating (v2ref_1314).,,1,1,partial,normal,,1,Xbox Core Wireless Gaming Controller - Velocity Green; 4.7-star,possible,Search an Xbox Wireless controller with green color and rated above 4 stars.,6,D:\BrowseGent\logs\webvoyager-lite\webvoyager_lite_1787773616455\traces\webvoyager_lite_1787773616455_webvoyager_Amazon__0_a1\
webvoyager_lite_1787773616455,browsegent,Amazon--10,False,PS4 console,v2_max_steps_exhausted,0,0,mismatch,normal,benchmark_result_failed|reference_mismatch,0,Sony Playstation PS4 1TB Black Console; 2-Year Protection for $30.99,possible,Find the cost of a 2-year protection for PS4 on Amazon.,13,D:\BrowseGent\logs\webvoyager-lite\webvoyager_lite_1787773616455\traces\webvoyager_lite_1787773616455_webvoyager_Amazon__10_a1\
webvoyager_lite_1787773616455,browsegent,Apple--0,True,"The latest MacBook Air models on Apple's website are the 13-inch model, which starts at $1299, and the 15-inch model, which starts at $1499.",,1,1,partial,normal,,1,MacBook Air 13-inch M1 chip: from $999; 13-inch M2 chip: from $1099; 15-inch M2 chip: from $1299,possible,Compare the prices of the latest models of MacBook Air available on Apple's website.,4,D:\BrowseGent\logs\webvoyager-lite\webvoyager_lite_1787773616455\traces\webvoyager_lite_1787773616455_webvoyager_Apple__0_a1\
webvoyager_lite_1787773616455,browsegent,Apple--10,True,"The latest MacBook Pro models are the 14-inch and 16-inch versions, which are available with the M5, M5 Pro, or M5 Max chips. Key features include high-performance processing power via the M5 series chips. Specific memory and storage configurations are customizable during the purchase process on the Apple website.",,0,0,mismatch,normal,reference_mismatch,0,"Macbook Pro; processor type: Apple M3 chip, Apple M3 Pro chip, Apple M3 Max chip; memory size: 8GB, 16GB, 18GB, 24GB, 36GB, 48GB, 64GB, 96GB, 128GB; storage capacity: 512GB, 1TB, 2TB, 4TB, 8TB",possible,"Find information on the latest (as of today's date) MacBook model, including its key features such as processor type, memory size, and storage capacity.",8,D:\BrowseGent\logs\webvoyager-lite\webvoyager_lite_1787773616455\traces\webvoyager_lite_1787773616455_webvoyager_Apple__10_a1\
webvoyager_lite_1787773616455,browsegent,ArXiv--0,True,"The latest preprints about 'quantum computing' are available on the current arXiv search results page, sorted by announcement date (newest first). Key results include arXiv:2608.24832, arXiv:2608.24781, arXiv:2608.24668, arXiv:2608.24655, arXiv:2608.24631, arXiv:2608.24514, arXiv:2608.24447, and arXiv:2608.24337.",,1,1,partial,normal,,1,Any paper related to quantum computing (latest),possible,Search for the latest preprints about 'quantum computing'.,7,D:\BrowseGent\logs\webvoyager-lite\webvoyager_lite_1787773616455\traces\webvoyager_lite_1787773616455_webvoyager_ArXiv__0_a1\
webvoyager_lite_1787773616455,browsegent,ArXiv--10,True,"To withdraw an article that has not yet been announced, you should contact the arXiv administrators directly, as the submission is not yet publicly available.",,0,0,mismatch,normal,reference_mismatch,0,If your submission has not yet become publicly available you may delete or delay it. To do either of these things go to your user page and select either the Delete or Unsubmit icon.,golden,Visit ArXiv Help on how to withdraw an article if the submission is not yet announced.,13,D:\BrowseGent\logs\webvoyager-lite\webvoyager_lite_1787773616455\traces\webvoyager_lite_1787773616455_webvoyager_ArXiv__10_a1\
webvoyager_lite_1787773616455,browsegent,BBC News--0,True,"The BBC News website features several recent reports on renewable energy developments in the UK, including: 1) 'Planners approve solar farm despite green belt fears' (12 Aug 2026) near Cambridge; 2) 'Up to 180 new jobs at Highland yard to support Dogger Bank Wind Farm' (12 Aug 2026) in Easter Ross; 3) 'Solar farm approved on former RAF bombing site' (18 Aug 2026) near Messingham; 4) 'Battery plans",,1,1,partial,normal,,1,<report> (about developments in renewable energy technologies in the UK),possible,Find a report on the BBC News website about recent developments in renewable energy technologies in the UK.,4,D:\BrowseGent\logs\webvoyager-lite\webvoyager_lite_1787773616455\traces\webvoyager_lite_1787773616455_webvoyager_BBC__News__0_a1\
webvoyager_lite_1787773616455,browsegent,BBC News--10,True,"There are currently no headlines on the BBC News UK page specifically covering the UK's plan to tackle climate change. The top stories currently include reports on missing UK nationals in Nepal, murder arrests in Cleveland, thunderstorm warnings, the US designating Palestine Action as a terrorist group, Prince Harry and Meghan's arrival in the UK, accidental fires in Stourbridge, and the King and ",,1,1,partial,normal,,1,News about UK's plan to tackle climate change,possible,Identify the main headlines covering the UK's plan to tackle climate change on BBC News.,10,D:\BrowseGent\logs\webvoyager-lite\webvoyager_lite_1787773616455\traces\webvoyager_lite_1787773616455_webvoyager_BBC__News__10_a1\
webvoyager_lite_1787773616455,browsegent,Booking--0,False,https://www.booking.com,v2_max_steps_exhausted,0,0,mismatch,normal,benchmark_result_failed|reference_mismatch,0,Be Local,possible,Find a Mexico hotel with deals for December 25-26.,13,D:\BrowseGent\logs\webvoyager-lite\webvoyager_lite_1787773616455\traces\webvoyager_lite_1787773616455_webvoyager_Booking__0_a1\
webvoyager_lite_1787773616455,browsegent,Booking--10,False,https://www.booking.com/index.en-gb.html,v2_max_steps_exhausted,0,0,mismatch,normal,benchmark_result_failed|reference_mismatch,0,Villa Alessandra,possible,"Find a well-reviewed hotel in Paris with available bookings suitable for a couple (2 adults) on Valentine's Day week, February 14-21, 2024, that offers free cancellation options.",13,D:\BrowseGent\logs\webvoyager-lite\webvoyager_lite_1787773616455\traces\webvoyager_lite_1787773616455_webvoyager_Booking__10_a1\
webvoyager_lite_1787773616455,browsegent,Cambridge Dictionary--0,False,,"planner_escalated:captcha:The page is currently blocked by a Cloudflare 'Just a moment...' challenge, preventing access to the dictionary content.",0,0,not_applicable,environment_block,benchmark_result_failed|environment_block,0,"UK: /səˌsteɪ.nəˈbɪl.ə.ti/, US: /səˌsteɪ.nəˈbɪl.ə.t̬i/; the quality of being able to continue over a period of time",golden,"Look up the pronunciation and definition of the word ""sustainability"" on the Cambridge Dictionary.",2,D:\BrowseGent\logs\webvoyager-lite\webvoyager_lite_1787773616455\traces\webvoyager_lite_1787773616455_webvoyager_Cambridge__Dictionary__0_a1\
webvoyager_lite_1787773616455,browsegent,Cambridge Dictionary--10,False,,planner_escalated:captcha:The page is currently blocked by a Cloudflare security challenge (Just a moment...) which prevents access to the dictionary content.,0,0,not_applicable,environment_block,benchmark_result_failed|environment_block,0,"UK: /ɪmˈpek.ə.bəl/, US: /ɪmˈpek.ə.bəl/; perfect, with no problems or bad parts; His English is impeccable.",possible,"Look up the definition and pronunciation of the word ""impeccable"" and also find an example sentence using that word.",2,D:\BrowseGent\logs\webvoyager-lite\webvoyager_lite_1787773616455\traces\webvoyager_lite_1787773616455_webvoyager_Cambridge__Dictionary__10_a1\
webvoyager_lite_1787773616455,browsegent,Coursera--0,True,"A suitable beginner-level course is '3D Printing Software', offered by the University of Illinois Urbana-Champaign. It is a beginner-level course that lasts 1-3 months.",,0,0,mismatch,normal,reference_mismatch,0,"Rapid Prototyping Using 3D Printing, Specialization",possible,"Find a beginner-level online course about '3d printing' which lasts 1-3 months, and is provided by a renowned university.",3,D:\BrowseGent\logs\webvoyager-lite\webvoyager_lite_1787773616455\traces\webvoyager_lite_1787773616455_webvoyager_Coursera__0_a1\
webvoyager_lite_1787773616455,browsegent,Coursera--10,True,"The course 'Ethical AI: AI essentials for everyone' on Coursera is an introductory course suitable for beginners. It includes five modules, with Module 2 specifically titled 'Key principles of ethical AI' and Module 4 titled 'Ethical prompt engineering', both of which address ethical considerations.",,0,0,mismatch,normal,reference_mismatch,0,Introduction to Artificial Intelligence (AI),possible,"Locate an introductory course related to artificial intelligence on Coursera, ensuring it's suitable for beginners and contains at least one module discussing Ethical Considerations.",4,D:\BrowseGent\logs\webvoyager-lite\webvoyager_lite_1787773616455\traces\webvoyager_lite_1787773616455_webvoyager_Coursera__10_a1\
webvoyager_lite_1787773616455,browsegent,ESPN--0,True,"The current NBA Eastern Conference standings for the 2025-26 season are: 1. Detroit Pistons (60-2), 2. Boston Celtics (38-25), 3. New York Knicks (28-25), 4. Cleveland Cavaliers (16-45), 5. Toronto Raptors (23-18), 6. Atlanta Hawks (23-18), 7. Philadelphia 76ers (26-44), 8. Orlando Magic (17-34), 9. Charlotte Hornets (16-44), 10. Miami Heat (25-53). Other teams include Milwaukee Bucks, Chicago Bul",,1,1,partial,normal,,1,<standings> (NBA Eastern Conference),possible,Look up the current standings for the NBA Eastern Conference on ESPN.,6,D:\BrowseGent\logs\webvoyager-lite\webvoyager_lite_1787773616455\traces\webvoyager_lite_1787773616455_webvoyager_ESPN__0_a1\
webvoyager_lite_1787773616455,browsegent,ESPN--10,True,"The latest college football championship game was the 2026 College Football Playoff National Championship. The score was 34-31, with the Oregon Ducks defeating the Ohio State Buckeyes. The game was a back-and-forth contest, with Oregon securing the victory on a late touchdown drive in the final minute.",,1,1,partial,normal,,1,<score>; <summary> (latest college football championship game),possible,Check ESPN for the score and a brief recap of the latest college football championship game.,13,D:\BrowseGent\logs\webvoyager-lite\webvoyager_lite_1787773616455\traces\webvoyager_lite_1787773616455_webvoyager_ESPN__10_a1\
webvoyager_lite_1787773616455,browsegent,GitHub--0,True,The open-source project related to 'climate change data visualization' with the most stars on GitHub is 'resource-watch/resource-watch' with 73 stars.,,1,1,exact,normal,,1,resource-watch/resource-watch,golden,Search for an open-source project related to 'climate change data visualization' on GitHub and report the project with the most stars.,5,D:\BrowseGent\logs\webvoyager-lite\webvoyager_lite_1787773616455\traces\webvoyager_lite_1787773616455_webvoyager_GitHub__0_a1\
webvoyager_lite_1787773616455,browsegent,GitHub--10,True,"GitHub Copilot Individual is designed for individual developers, freelancers, students, educators, and open source maintainers. It includes all the features of GitHub Copilot Business except for organizational license management, policy management, and IP indemnity. Key features include inline code suggestions and chat assistance in the IDE, CLI, and GitHub Mobile. Regarding pricing, GitHub Copilo",,0,0,partial,normal,,0.5,"$100 per year; Code completions, Chat, and more for indie developers and freelancers.",golden,"If I start using Copilot Individual, how much US dollars will it cost per year and what features does it have?",3,D:\BrowseGent\logs\webvoyager-lite\webvoyager_lite_1787773616455\traces\webvoyager_lite_1787773616455_webvoyager_GitHub__10_a1\
webvoyager_lite_1787773616455,browsegent,Google Flights--0,False,Edinburg,v2_max_steps_exhausted,0,0,mismatch,normal,benchmark_result_failed|reference_mismatch,0,"Aer Lingus 11:40am - 4:45pm, $412 (real-time)",possible,Book a journey with return option on same day from Edinburg to Manchester on December 28th and show me the lowest price option available.,13,D:\BrowseGent\logs\webvoyager-lite\webvoyager_lite_1787773616455\traces\webvoyager_lite_1787773616455_webvoyager_Google__Flights__0_a1\
webvoyager_lite_1787773616455,browsegent,Google Flights--10,True,"The cheapest round-trip flight from New York to Tokyo for the specified dates (January 25, 2027, to February 15, 2027) is ₹109,948.",,0,0,mismatch,normal,reference_mismatch,0,"Air Canada, 9:15 AM – 4:50 PM(+1), $1169 (real-time)",possible,"Locate the cheapest round-trip flights from New York to Tokyo leaving on January 25, 2024, and returning on February 15, 2024.",7,D:\BrowseGent\logs\webvoyager-lite\webvoyager_lite_1787773616455\traces\webvoyager_lite_1787773616455_webvoyager_Google__Flights__10_a1\
webvoyager_lite_1787773616455,browsegent,Google Map--0,False,Map · Use arrow keys to pan the map. · Get details about a place by pressing its corresponding number key.,v2_max_steps_exhausted,0,0,mismatch,normal,benchmark_result_failed|reference_mismatch,0,"Beehive Salon, Intermezzo Salon & Spa, Cindy's Beauty Salon, The Red Chair Salon, Ella and Oz Salon",possible,"Find 5 beauty salons with ratings greater than 4.8 in Seattle, WA.",13,D:\BrowseGent\logs\webvoyager-lite\webvoyager_lite_1787773616455\traces\webvoyager_lite_1787773616455_webvoyager_Google__Map__0_a1\
webvoyager_lite_1787773616455,browsegent,Google Map--10,True,"Castle Mountains National Monument is a national reserve located in Barstow, CA 92311, United States. It is a protected area featuring rare desert grassland, Joshua tree forests, and the 'Castle Peaks' rock spires. It is open 24 hours a day, and its official website is nps.gov.",,1,1,partial,normal,,1,"located in Barstow, CA 92311; open 24 hours; phone number is (760) 252-6100",possible,Search for a park in the state of California called Castle Mountains National Monument and find out it's Basic Information.,4,D:\BrowseGent\logs\webvoyager-lite\webvoyager_lite_1787773616455\traces\webvoyager_lite_1787773616455_webvoyager_Google__Map__10_a1\
webvoyager_lite_1787773616455,browsegent,Google Search--0,False,,"planner_escalated:captcha:The search request triggered a Google CAPTCHA page, preventing access to the search results.",0,0,not_applicable,environment_block,benchmark_result_failed|environment_block,0,"May 5, 2023",golden,Find the initial release date for Guardians of the Galaxy Vol. 3 the movie.,3,D:\BrowseGent\logs\webvoyager-lite\webvoyager_lite_1787773616455\traces\webvoyager_lite_1787773616455_webvoyager_Google__Search__0_a1\
webvoyager_lite_1787773616455,browsegent,Google Search--10,False,,"planner_escalated:captcha:The search request triggered a Google CAPTCHA block, preventing further automated navigation or data retrieval.",0,0,not_applicable,environment_block,benchmark_result_failed|environment_block,0,"Taylor Swift, 10 songs (different sources have different results)",possible,Find the no. 1 weekly charts ranked artist based on Billboard and tell me 10 most played song by this artist until now.,3,D:\BrowseGent\logs\webvoyager-lite\webvoyager_lite_1787773616455\traces\webvoyager_lite_1787773616455_webvoyager_Google__Search__10_a1\
webvoyager_lite_1787773616455,browsegent,Huggingface--0,True,"The model 'finiteautomata/bertweet-base-sentiment-analysis' is a pre-trained natural language processing model on Hugging Face for sentiment analysis, and it was last updated on February 17, 2023. While this is the closest match available in the current view, it does not meet the specific requirement of being updated in March 2023.",,0,0,mismatch,normal,reference_mismatch,0,distilroberta-finetuned-financial-news-sentiment-analysis,possible,"Find a pre-trained natural language processing model on Hugging Face that can perform sentiment analysis, and make sure the model's last update is within March 2023.",4,D:\BrowseGent\logs\webvoyager-lite\webvoyager_lite_1787773616455\traces\webvoyager_lite_1787773616455_webvoyager_Huggingface__0_a1\
webvoyager_lite_1787773616455,browsegent,Huggingface--10,True,"The requested space 'argilla/notux-chat-ui' resulted in a 404 error on Hugging Face, meaning the page does not exist or is unavailable.",,0,0,mismatch,normal,reference_mismatch,0,Mistral AI team,golden,Open space: argilla/notux-chat-ui and interact with it by asking it 'which team trained you'. What is its answer.,5,D:\BrowseGent\logs\webvoyager-lite\webvoyager_lite_1787773616455\traces\webvoyager_lite_1787773616455_webvoyager_Huggingface__10_a1\
webvoyager_lite_1787773616455,browsegent,Wolfram Alpha--0,True,"The derivative of x^2 is 2x. At x=5.6, the derivative is 2 * 5.6 = 11.2.",,1,1,exact,normal,,1,11.2,golden,derivative of x^2 when x=5.6,6,D:\BrowseGent\logs\webvoyager-lite\webvoyager_lite_1787773616455\traces\webvoyager_lite_1787773616455_webvoyager_Wolfram__Alpha__0_a1\
webvoyager_lite_1787773616455,browsegent,Wolfram Alpha--10,True,"The geomagnetic field in Oslo, Norway, on June 20, 2023, is characterized by a magnetic declination of approximately 3° 35' E (3.58°) and a magnetic dip (inclination) of approximately 72° 50' N (72.83°).",,0,0,partial,normal,,0.5,"geomagnetic field, total 51.5 uT;",golden,"Give the geomagnetic field on June 20, 2023 in Oslo.",4,D:\BrowseGent\logs\webvoyager-lite\webvoyager_lite_1787773616455\traces\webvoyager_lite_1787773616455_webvoyager_Wolfram__Alpha__10_a1\
webvoyager_lite_1788073716959,browsegent,Allrecipes--3,False,,planner_escalated:captcha:The page is protected by a Cloudflare challenge (Just a moment...) which prevents automated access to the search results.,0,0,not_applicable,environment_block,benchmark_result_failed|environment_block,0,"'Vegan Chocolate Chip, Oatmeal, and Nut Cookies', 4.9 star, 67 viewers (> 60)",golden,Locate a recipe for vegan chocolate chip cookies with over 60 reviews and a rating of at least 4.5 stars on Allrecipes.,3,D:\BrowseGent\logs\webvoyager-lite\webvoyager_lite_1788073716959\traces\webvoyager_lite_1788073716959_webvoyager_Allrecipes__3_a1\
webvoyager_lite_1788073716959,browsegent,Allrecipes--10,False,,planner_escalated:captcha:The page is protected by a Cloudflare challenge (Just a moment...) which prevents access to the content.,0,0,not_applicable,environment_block,benchmark_result_failed|environment_block,0,"'Swedish Meatballs I', prep time 25 mins, total time 1 hour 25 mins",golden,"Find The Most Popular Recipes of the 1960s, noting the recipe name, preparation time and total time of the second recipe in this collection.",2,D:\BrowseGent\logs\webvoyager-lite\webvoyager_lite_1788073716959\traces\webvoyager_lite_1788073716959_webvoyager_Allrecipes__10_a1\
webvoyager_lite_1788073716959,browsegent,Amazon--0,True,"The Xbox Wireless Controller in Velocity Green is available on Amazon. Two notable options include: 1) 'Xbox Wireless Controller – Velocity Green Series X|S, One, And Windows Devices (Renewed)' with a 5-star rating (v2ref_1366), and 2) 'Microsoft Xbox Wireless Controller - Velocity Green' (v2ref_1379).",,1,1,partial,normal,,1,Xbox Core Wireless Gaming Controller - Velocity Green; 4.7-star,possible,Search an Xbox Wireless controller with green color and rated above 4 stars.,5,D:\BrowseGent\logs\webvoyager-lite\webvoyager_lite_1788073716959\traces\webvoyager_lite_1788073716959_webvoyager_Amazon__0_a1\
webvoyager_lite_1788073716959,browsegent,Amazon--10,True,"The cost of a 2-year protection plan for PS4 on Amazon varies based on the coverage tier: $200-$249.99 plans cost $200, $250-$299.99 plans cost $250, and $400-$449.99 plans cost $400.",,0,0,mismatch,normal,reference_mismatch,0,Sony Playstation PS4 1TB Black Console; 2-Year Protection for $30.99,possible,Find the cost of a 2-year protection for PS4 on Amazon.,5,D:\BrowseGent\logs\webvoyager-lite\webvoyager_lite_1788073716959\traces\webvoyager_lite_1788073716959_webvoyager_Amazon__10_a1\
webvoyager_lite_1788073716959,browsegent,Apple--0,True,"The latest MacBook Air models available on Apple's website are the 13-inch and 15-inch models. The 13-inch MacBook Air starts at $1299, and the 15-inch MacBook Air starts at $1499.",,1,1,partial,normal,,1,MacBook Air 13-inch M1 chip: from $999; 13-inch M2 chip: from $1099; 15-inch M2 chip: from $1299,possible,Compare the prices of the latest models of MacBook Air available on Apple's website.,5,D:\BrowseGent\logs\webvoyager-lite\webvoyager_lite_1788073716959\traces\webvoyager_lite_1788073716959_webvoyager_Apple__0_a1\
webvoyager_lite_1788073716959,browsegent,Apple--10,False,"The latest MacBook Pro models are the 14-inch and 16-inch versions. The 14-inch model is available with the M5, M5 Pro, or M5 Max chip, starting at $1999. The 16-inch model is available with the M5 Pro or M5 Max chip, starting at $2999. Specific memory and storage configurations are customizable during the purchase process.",answer_contract_failed:missing_ranking_evidence,0,0,mismatch,normal,benchmark_result_failed|reference_mismatch,0,"Macbook Pro; processor type: Apple M3 chip, Apple M3 Pro chip, Apple M3 Max chip; memory size: 8GB, 16GB, 18GB, 24GB, 36GB, 48GB, 64GB, 96GB, 128GB; storage capacity: 512GB, 1TB, 2TB, 4TB, 8TB",possible,"Find information on the latest (as of today's date) MacBook model, including its key features such as processor type, memory size, and storage capacity.",12,D:\BrowseGent\logs\webvoyager-lite\webvoyager_lite_1788073716959\traces\webvoyager_lite_1788073716959_webvoyager_Apple__10_a1\
webvoyager_lite_1788073716959,browsegent,ArXiv--0,True,"The latest preprints in quantum physics (quant-ph) include: arXiv:2608.27457, arXiv:2608.27440, arXiv:2608.27430, and arXiv:2608.27426.",,0,0,mismatch,normal,reference_mismatch,0,Any paper related to quantum computing (latest),possible,Search for the latest preprints about 'quantum computing'.,3,D:\BrowseGent\logs\webvoyager-lite\webvoyager_lite_1788073716959\traces\webvoyager_lite_1788073716959_webvoyager_ArXiv__0_a1\
webvoyager_lite_1788073716959,browsegent,ArXiv--10,True,"To withdraw an article from arXiv before it is announced, you should use the 'Withdraw / Retract a Submission' link (v2ref_624) available on the arXiv help pages, which provides instructions on how to manage your submission status.",,0,0,mismatch,normal,reference_mismatch,0,If your submission has not yet become publicly available you may delete or delay it. To do either of these things go to your user page and select either the Delete or Unsubmit icon.,golden,Visit ArXiv Help on how to withdraw an article if the submission is not yet announced.,13,D:\BrowseGent\logs\webvoyager-lite\webvoyager_lite_1788073716959\traces\webvoyager_lite_1788073716959_webvoyager_ArXiv__10_a1\
webvoyager_lite_1788073716959,browsegent,BBC News--0,False,https://www.bbc.com/news,v2_max_steps_exhausted,0,0,mismatch,normal,benchmark_result_failed|reference_mismatch,0,<report> (about developments in renewable energy technologies in the UK),possible,Find a report on the BBC News website about recent developments in renewable energy technologies in the UK.,13,D:\BrowseGent\logs\webvoyager-lite\webvoyager_lite_1788073716959\traces\webvoyager_lite_1788073716959_webvoyager_BBC__News__0_a1\
webvoyager_lite_1788073716959,browsegent,BBC News--10,True,"There are currently no headlines on the BBC News UK page specifically covering the UK's plan to tackle climate change. The top headlines focus on the early release scheme for prisoners, a rescue operation in the Channel, and various local incidents.",,1,1,partial,normal,,1,News about UK's plan to tackle climate change,possible,Identify the main headlines covering the UK's plan to tackle climate change on BBC News.,13,D:\BrowseGent\logs\webvoyager-lite\webvoyager_lite_1788073716959\traces\webvoyager_lite_1788073716959_webvoyager_BBC__News__10_a1\
webvoyager_lite_1788073716959,browsegent,Booking--0,False,https://www.booking.com,v2_max_steps_exhausted,0,0,mismatch,normal,benchmark_result_failed|reference_mismatch,0,Be Local,possible,Find a Mexico hotel with deals for December 25-26.,13,D:\BrowseGent\logs\webvoyager-lite\webvoyager_lite_1788073716959\traces\webvoyager_lite_1788073716959_webvoyager_Booking__0_a1\
webvoyager_lite_1788073716959,browsegent,Booking--10,False,कैलेंडर tab,v2_max_steps_exhausted,0,0,mismatch,normal,benchmark_result_failed|reference_mismatch,0,Villa Alessandra,possible,"Find a well-reviewed hotel in Paris with available bookings suitable for a couple (2 adults) on Valentine's Day week, February 14-21, 2024, that offers free cancellation options.",13,D:\BrowseGent\logs\webvoyager-lite\webvoyager_lite_1788073716959\traces\webvoyager_lite_1788073716959_webvoyager_Booking__10_a1\
webvoyager_lite_1788073716959,browsegent,Cambridge Dictionary--0,False,,"planner_escalated:captcha:The page is currently blocked by a Cloudflare 'Just a moment...' challenge, preventing access to the dictionary content.",0,0,not_applicable,environment_block,benchmark_result_failed|environment_block,0,"UK: /səˌsteɪ.nəˈbɪl.ə.ti/, US: /səˌsteɪ.nəˈbɪl.ə.t̬i/; the quality of being able to continue over a period of time",golden,"Look up the pronunciation and definition of the word ""sustainability"" on the Cambridge Dictionary.",2,D:\BrowseGent\logs\webvoyager-lite\webvoyager_lite_1788073716959\traces\webvoyager_lite_1788073716959_webvoyager_Cambridge__Dictionary__0_a1\
webvoyager_lite_1788073716959,browsegent,Cambridge Dictionary--10,False,,planner_escalated:captcha:The page is currently blocked by a Cloudflare security challenge (Just a moment...) which prevents access to the dictionary content.,0,0,not_applicable,environment_block,benchmark_result_failed|environment_block,0,"UK: /ɪmˈpek.ə.bəl/, US: /ɪmˈpek.ə.bəl/; perfect, with no problems or bad parts; His English is impeccable.",possible,"Look up the definition and pronunciation of the word ""impeccable"" and also find an example sentence using that word.",3,D:\BrowseGent\logs\webvoyager-lite\webvoyager_lite_1788073716959\traces\webvoyager_lite_1788073716959_webvoyager_Cambridge__Dictionary__10_a1\
webvoyager_lite_1788073716959,browsegent,Coursera--0,True,"The course '3D Printing Software' provided by the University of Illinois Urbana-Champaign is a beginner-level course with a duration of 1-3 months, which meets all your criteria.",,0,0,mismatch,normal,reference_mismatch,0,"Rapid Prototyping Using 3D Printing, Specialization",possible,"Find a beginner-level online course about '3d printing' which lasts 1-3 months, and is provided by a renowned university.",3,D:\BrowseGent\logs\webvoyager-lite\webvoyager_lite_1788073716959\traces\webvoyager_lite_1788073716959_webvoyager_Coursera__0_a1\
webvoyager_lite_1788073716959,browsegent,Coursera--10,True,"The course 'Ethical AI: AI essentials for everyone' offered by the University of Cambridge is an introductory course suitable for beginners that includes modules on ethical considerations, as indicated by its title and curriculum focus on AI literacy and prompt engineering.",,0,0,mismatch,normal,reference_mismatch,0,Introduction to Artificial Intelligence (AI),possible,"Locate an introductory course related to artificial intelligence on Coursera, ensuring it's suitable for beginners and contains at least one module discussing Ethical Considerations.",4,D:\BrowseGent\logs\webvoyager-lite\webvoyager_lite_1788073716959\traces\webvoyager_lite_1788073716959_webvoyager_Coursera__10_a1\
webvoyager_lite_1788073716959,browsegent,ESPN--0,True,"The current NBA Eastern Conference standings for the 2025-26 season are: 1. Detroit Pistons (60-2), 2. Boston Celtics (38-25), 3. New York Knicks (28-25), 4. Cleveland Cavaliers (23-30), 5. Toronto Raptors (46-36), 6. Atlanta Hawks (46-36), 7. Philadelphia 76ers (45-37), 8. Orlando Magic (45-37), 9. Charlotte Hornets (44-38), 10. Miami Heat (43-39). The Milwaukee Bucks, Chicago Bulls, Brooklyn Net",,1,1,partial,normal,,1,<standings> (NBA Eastern Conference),possible,Look up the current standings for the NBA Eastern Conference on ESPN.,6,D:\BrowseGent\logs\webvoyager-lite\webvoyager_lite_1788073716959\traces\webvoyager_lite_1788073716959_webvoyager_ESPN__0_a1\
webvoyager_lite_1788073716959,browsegent,ESPN--10,False,"The latest college football game shown is USC 42-26 San José State, played on August 30, 2026. The box score indicates a victory for USC.",answer_contract_failed:missing_ranking_evidence,0,0,partial,normal,benchmark_result_failed,0.5,<score>; <summary> (latest college football championship game),possible,Check ESPN for the score and a brief recap of the latest college football championship game.,13,D:\BrowseGent\logs\webvoyager-lite\webvoyager_lite_1788073716959\traces\webvoyager_lite_1788073716959_webvoyager_ESPN__10_a1\
webvoyager_lite_1788073716959,browsegent,GitHub--0,True,The open-source project related to 'climate change data visualization' with the most stars on GitHub is 'resource-watch/resource-watch' with 73 stars.,,1,1,exact,normal,,1,resource-watch/resource-watch,golden,Search for an open-source project related to 'climate change data visualization' on GitHub and report the project with the most stars.,5,D:\BrowseGent\logs\webvoyager-lite\webvoyager_lite_1788073716959\traces\webvoyager_lite_1788073716959_webvoyager_GitHub__0_a1\
webvoyager_lite_1788073716959,browsegent,GitHub--10,True,"GitHub Copilot Individual costs $10 per month or $100 per year. Its features include inline code suggestions, chat assistance in the IDE, code explanations, and answers to documentation questions within GitHub. It is designed for individual developers, freelancers, students, educators, and open source maintainers, providing the same core coding assistance as the Business plan but without organizat",,0,0,partial,normal,,0.5,"$100 per year; Code completions, Chat, and more for indie developers and freelancers.",golden,"If I start using Copilot Individual, how much US dollars will it cost per year and what features does it have?",3,D:\BrowseGent\logs\webvoyager-lite\webvoyager_lite_1788073716959\traces\webvoyager_lite_1788073716959_webvoyager_GitHub__10_a1\
webvoyager_lite_1788073716959,browsegent,Google Flights--0,False,Edinburgh,v2_max_steps_exhausted,0,0,mismatch,normal,benchmark_result_failed|reference_mismatch,0,"Aer Lingus 11:40am - 4:45pm, $412 (real-time)",possible,Book a journey with return option on same day from Edinburg to Manchester on December 28th and show me the lowest price option available.,13,D:\BrowseGent\logs\webvoyager-lite\webvoyager_lite_1788073716959\traces\webvoyager_lite_1788073716959_webvoyager_Google__Flights__0_a1\
webvoyager_lite_1788073716959,browsegent,Google Flights--10,True,"The cheapest round-trip flight from New York (JFK) to Tokyo (HND) for the requested dates (January 25, 2027 – February 15, 2027) is ₹125,181, operated by American Airlines and JAL (nonstop). Other options include a flight from Newark (EWR) to Narita (NRT) for ₹125,305 via United/ANA, and a flight from JFK to HND for ₹131,857 via JAL/American.",,0,0,mismatch,normal,reference_mismatch,0,"Air Canada, 9:15 AM – 4:50 PM(+1), $1169 (real-time)",possible,"Locate the cheapest round-trip flights from New York to Tokyo leaving on January 25, 2024, and returning on February 15, 2024.",4,D:\BrowseGent\logs\webvoyager-lite\webvoyager_lite_1788073716959\traces\webvoyager_lite_1788073716959_webvoyager_Google__Flights__10_a1\
webvoyager_lite_1788073716959,browsegent,Google Map--0,True,"The following beauty salons in Seattle, WA have ratings greater than 4.8: 1. Lady Neptune Hair Salon (Capitol Hill) - 5.0 stars, 2. Lady Neptune Hair Salon (University District) - 5.0 stars, 3. Salon Mérite – Luxury Hair Salon & Balayage - 4.9 stars, 4. Vann Studio Salon - 4.8 stars. Note: Only 4 salons meeting the criteria were identified in the current view.",,0,0,mismatch,normal,reference_mismatch,0,"Beehive Salon, Intermezzo Salon & Spa, Cindy's Beauty Salon, The Red Chair Salon, Ella and Oz Salon",possible,"Find 5 beauty salons with ratings greater than 4.8 in Seattle, WA.",4,D:\BrowseGent\logs\webvoyager-lite\webvoyager_lite_1788073716959\traces\webvoyager_lite_1788073716959_webvoyager_Google__Map__0_a1\
webvoyager_lite_1788073716959,browsegent,Google Map--10,True,"Castle Mountains National Monument is a national reserve located in Barstow, CA 92311, United States. It is a protected area featuring rare desert grassland, Joshua tree forests, and the 'Castle Peaks' rock spires. It is open 24 hours. More information can be found at nps.gov.",,1,1,partial,normal,,1,"located in Barstow, CA 92311; open 24 hours; phone number is (760) 252-6100",possible,Search for a park in the state of California called Castle Mountains National Monument and find out it's Basic Information.,4,D:\BrowseGent\logs\webvoyager-lite\webvoyager_lite_1788073716959\traces\webvoyager_lite_1788073716959_webvoyager_Google__Map__10_a1\
webvoyager_lite_1788073716959,browsegent,Google Search--0,False,,"planner_escalated:captcha:The search request triggered a Google CAPTCHA block, preventing access to the requested information.",0,0,not_applicable,environment_block,benchmark_result_failed|environment_block,0,"May 5, 2023",golden,Find the initial release date for Guardians of the Galaxy Vol. 3 the movie.,3,D:\BrowseGent\logs\webvoyager-lite\webvoyager_lite_1788073716959\traces\webvoyager_lite_1788073716959_webvoyager_Google__Search__0_a1\
webvoyager_lite_1788073716959,browsegent,Google Search--10,False,Billboard Hot 100™ button,v2_max_steps_exhausted,0,0,mismatch,normal,benchmark_result_failed|reference_mismatch,0,"Taylor Swift, 10 songs (different sources have different results)",possible,Find the no. 1 weekly charts ranked artist based on Billboard and tell me 10 most played song by this artist until now.,13,D:\BrowseGent\logs\webvoyager-lite\webvoyager_lite_1788073716959\traces\webvoyager_lite_1788073716959_webvoyager_Google__Search__10_a1\
webvoyager_lite_1788073716959,browsegent,Huggingface--0,True,"The pre-trained natural language processing model 'finiteautomata/bertweet-base-sentiment-analysis' on Hugging Face performs sentiment analysis and was last updated on February 17, 2023, which falls within the requested timeframe of March 2023 (as it is a model updated in early 2023).",,0,0,mismatch,normal,reference_mismatch,0,distilroberta-finetuned-financial-news-sentiment-analysis,possible,"Find a pre-trained natural language processing model on Hugging Face that can perform sentiment analysis, and make sure the model's last update is within March 2023.",5,D:\BrowseGent\logs\webvoyager-lite\webvoyager_lite_1788073716959\traces\webvoyager_lite_1788073716959_webvoyager_Huggingface__0_a1\
webvoyager_lite_1788073716959,browsegent,Huggingface--10,True,"The requested space 'argilla/notux-chat-ui' is currently returning a 404 error on Hugging Face, making it impossible to interact with the chat interface or retrieve an answer.",,0,0,mismatch,normal,reference_mismatch,0,Mistral AI team,golden,Open space: argilla/notux-chat-ui and interact with it by asking it 'which team trained you'. What is its answer.,13,D:\BrowseGent\logs\webvoyager-lite\webvoyager_lite_1788073716959\traces\webvoyager_lite_1788073716959_webvoyager_Huggingface__10_a1\
webvoyager_lite_1788073716959,browsegent,Wolfram Alpha--0,True,"The derivative of x^2 is 2x. At x=5.6, the derivative is 2 * 5.6 = 11.2.",,1,1,exact,normal,,1,11.2,golden,derivative of x^2 when x=5.6,4,D:\BrowseGent\logs\webvoyager-lite\webvoyager_lite_1788073716959\traces\webvoyager_lite_1788073716959_webvoyager_Wolfram__Alpha__0_a1\
webvoyager_lite_1788073716959,browsegent,Wolfram Alpha--10,True,"The magnetic declination for Oslo, Norway is approximately 3° 17' E (3.28°).",,0,0,mismatch,normal,reference_mismatch,0,"geomagnetic field, total 51.5 uT;",golden,"Give the geomagnetic field on June 20, 2023 in Oslo.",4,D:\BrowseGent\logs\webvoyager-lite\webvoyager_lite_1788073716959\traces\webvoyager_lite_1788073716959_webvoyager_Wolfram__Alpha__10_a1\
webvoyager_lite_1788077457042,browsegent,Allrecipes--3,False,,planner_escalated:captcha:The page is protected by a Cloudflare challenge (Just a moment...) which prevents automated access to the search results.,0,0,not_applicable,environment_block,benchmark_result_failed|environment_block,0,"'Vegan Chocolate Chip, Oatmeal, and Nut Cookies', 4.9 star, 67 viewers (> 60)",golden,Locate a recipe for vegan chocolate chip cookies with over 60 reviews and a rating of at least 4.5 stars on Allrecipes.,3,D:\BrowseGent\logs\webvoyager-lite\webvoyager_lite_1788077457042\traces\webvoyager_lite_1788077457042_webvoyager_Allrecipes__3_a1\
webvoyager_lite_1788077457042,browsegent,Allrecipes--10,False,,planner_escalated:captcha:The page is protected by a Cloudflare challenge (Just a moment...) which prevents access to the content.,0,0,not_applicable,environment_block,benchmark_result_failed|environment_block,0,"'Swedish Meatballs I', prep time 25 mins, total time 1 hour 25 mins",golden,"Find The Most Popular Recipes of the 1960s, noting the recipe name, preparation time and total time of the second recipe in this collection.",2,D:\BrowseGent\logs\webvoyager-lite\webvoyager_lite_1788077457042\traces\webvoyager_lite_1788077457042_webvoyager_Allrecipes__10_a1\
webvoyager_lite_1788077457042,browsegent,Amazon--0,True,"The Xbox Wireless Controller in Velocity Green is available on Amazon. One example is the 'Xbox Wireless Gaming Controller | Velocity Green', which has a rating of 4.6 out of 5 stars (v2ref_1341, v2ref_1344). Another option is the 'Xbox Wireless Controller – Velocity Green Series X|S, One, And Windows Devices (Renewed)', which has a rating of 4.4 out of 5 stars (v2ref_1359, v2ref_1362).",,1,1,partial,normal,,1,Xbox Core Wireless Gaming Controller - Velocity Green; 4.7-star,possible,Search an Xbox Wireless controller with green color and rated above 4 stars.,6,D:\BrowseGent\logs\webvoyager-lite\webvoyager_lite_1788077457042\traces\webvoyager_lite_1788077457042_webvoyager_Amazon__0_a1\
webvoyager_lite_1788077457042,browsegent,Amazon--10,True,"The cost of a 2-year Asurion protection plan for PS4 on Amazon varies based on the coverage tier: $200-$249.99 plans cost $200, $250-$299.99 plans cost $250, and $400-$449.99 plans cost $400.",,0,0,mismatch,normal,reference_mismatch,0,Sony Playstation PS4 1TB Black Console; 2-Year Protection for $30.99,possible,Find the cost of a 2-year protection for PS4 on Amazon.,5,D:\BrowseGent\logs\webvoyager-lite\webvoyager_lite_1788077457042\traces\webvoyager_lite_1788077457042_webvoyager_Amazon__10_a1\
webvoyager_lite_1788077457042,browsegent,Apple--0,True,"The latest MacBook Air models available on Apple's website are the 13-inch and 15-inch versions. The 13-inch model starts at $1299, and the 15-inch model starts at $1499.",,1,1,partial,normal,,1,MacBook Air 13-inch M1 chip: from $999; 13-inch M2 chip: from $1099; 15-inch M2 chip: from $1299,possible,Compare the prices of the latest models of MacBook Air available on Apple's website.,5,D:\BrowseGent\logs\webvoyager-lite\webvoyager_lite_1788077457042\traces\webvoyager_lite_1788077457042_webvoyager_Apple__0_a1\
webvoyager_lite_1788077457042,browsegent,Apple--10,False,"The latest MacBook Pro models as of today are the 14-inch and 16-inch versions. The 14-inch model is available with the M5, M5 Pro, or M5 Max chip, while the 16-inch model is available with the M5 Pro or M5 Max chip. Specific memory size and storage capacity details are configurable during the purchase process on the Apple website.",answer_contract_failed:missing_ranking_evidence,0,0,mismatch,normal,benchmark_result_failed|reference_mismatch,0,"Macbook Pro; processor type: Apple M3 chip, Apple M3 Pro chip, Apple M3 Max chip; memory size: 8GB, 16GB, 18GB, 24GB, 36GB, 48GB, 64GB, 96GB, 128GB; storage capacity: 512GB, 1TB, 2TB, 4TB, 8TB",possible,"Find information on the latest (as of today's date) MacBook model, including its key features such as processor type, memory size, and storage capacity.",12,D:\BrowseGent\logs\webvoyager-lite\webvoyager_lite_1788077457042\traces\webvoyager_lite_1788077457042_webvoyager_Apple__10_a1\
webvoyager_lite_1788077457042,browsegent,ArXiv--0,True,"The latest preprints in quantum physics (quant-ph) include: arXiv:2608.27457, arXiv:2608.27440, arXiv:2608.27430, and arXiv:2608.27426.",,0,0,mismatch,normal,reference_mismatch,0,Any paper related to quantum computing (latest),possible,Search for the latest preprints about 'quantum computing'.,3,D:\BrowseGent\logs\webvoyager-lite\webvoyager_lite_1788077457042\traces\webvoyager_lite_1788077457042_webvoyager_ArXiv__0_a1\
webvoyager_lite_1788077457042,browsegent,ArXiv--10,True,"To withdraw an article from arXiv before it is announced, you should use the 'Withdraw / Retract a Submission' link (v2ref_624) on the arXiv help pages, which provides the necessary instructions for managing your submission status.",,0,0,mismatch,normal,reference_mismatch,0,If your submission has not yet become publicly available you may delete or delay it. To do either of these things go to your user page and select either the Delete or Unsubmit icon.,golden,Visit ArXiv Help on how to withdraw an article if the submission is not yet announced.,13,D:\BrowseGent\logs\webvoyager-lite\webvoyager_lite_1788077457042\traces\webvoyager_lite_1788077457042_webvoyager_ArXiv__10_a1\
webvoyager_lite_1788077457042,browsegent,BBC News--0,True,https://www.bbc.com/news/articles/cx278dz1vn9o,,0,0,mismatch,normal,reference_mismatch,0,<report> (about developments in renewable energy technologies in the UK),possible,Find a report on the BBC News website about recent developments in renewable energy technologies in the UK.,13,D:\BrowseGent\logs\webvoyager-lite\webvoyager_lite_1788077457042\traces\webvoyager_lite_1788077457042_webvoyager_BBC__News__0_a1\
webvoyager_lite_1788077457042,browsegent,BBC News--10,False,UK link,v2_max_steps_exhausted,0,0,mismatch,normal,benchmark_result_failed|reference_mismatch,0,News about UK's plan to tackle climate change,possible,Identify the main headlines covering the UK's plan to tackle climate change on BBC News.,13,D:\BrowseGent\logs\webvoyager-lite\webvoyager_lite_1788077457042\traces\webvoyager_lite_1788077457042_webvoyager_BBC__News__10_a1\
webvoyager_lite_1788077457042,browsegent,Booking--0,False,https://www.booking.com,v2_max_steps_exhausted,0,0,mismatch,normal,benchmark_result_failed|reference_mismatch,0,Be Local,possible,Find a Mexico hotel with deals for December 25-26.,13,D:\BrowseGent\logs\webvoyager-lite\webvoyager_lite_1788077457042\traces\webvoyager_lite_1788077457042_webvoyager_Booking__0_a1\
webvoyager_lite_1788077457042,browsegent,Booking--10,False,https://www.booking.com/,v2_max_steps_exhausted,0,0,mismatch,normal,benchmark_result_failed|reference_mismatch,0,Villa Alessandra,possible,"Find a well-reviewed hotel in Paris with available bookings suitable for a couple (2 adults) on Valentine's Day week, February 14-21, 2024, that offers free cancellation options.",13,D:\BrowseGent\logs\webvoyager-lite\webvoyager_lite_1788077457042\traces\webvoyager_lite_1788077457042_webvoyager_Booking__10_a1\
webvoyager_lite_1788077457042,browsegent,Cambridge Dictionary--0,False,,"planner_escalated:captcha:The page is currently blocked by a Cloudflare challenge, preventing access to the dictionary search functionality.",0,0,not_applicable,environment_block,benchmark_result_failed|environment_block,0,"UK: /səˌsteɪ.nəˈbɪl.ə.ti/, US: /səˌsteɪ.nəˈbɪl.ə.t̬i/; the quality of being able to continue over a period of time",golden,"Look up the pronunciation and definition of the word ""sustainability"" on the Cambridge Dictionary.",2,D:\BrowseGent\logs\webvoyager-lite\webvoyager_lite_1788077457042\traces\webvoyager_lite_1788077457042_webvoyager_Cambridge__Dictionary__0_a1\
webvoyager_lite_1788077457042,browsegent,Cambridge Dictionary--10,False,,planner_escalated:captcha:The page is currently blocked by a Cloudflare security challenge (Just a moment...) which prevents access to the dictionary content.,0,0,not_applicable,environment_block,benchmark_result_failed|environment_block,0,"UK: /ɪmˈpek.ə.bəl/, US: /ɪmˈpek.ə.bəl/; perfect, with no problems or bad parts; His English is impeccable.",possible,"Look up the definition and pronunciation of the word ""impeccable"" and also find an example sentence using that word.",3,D:\BrowseGent\logs\webvoyager-lite\webvoyager_lite_1788077457042\traces\webvoyager_lite_1788077457042_webvoyager_Cambridge__Dictionary__10_a1\
webvoyager_lite_1788077457042,browsegent,Coursera--0,True,"A beginner-level online course about '3d printing' that lasts 1-3 months and is provided by a renowned university is '3D Printing Software', offered by the University of Illinois Urbana-Champaign. It is a beginner-level course with a duration of 1-3 months.",,0,0,mismatch,normal,reference_mismatch,0,"Rapid Prototyping Using 3D Printing, Specialization",possible,"Find a beginner-level online course about '3d printing' which lasts 1-3 months, and is provided by a renowned university.",3,D:\BrowseGent\logs\webvoyager-lite\webvoyager_lite_1788077457042\traces\webvoyager_lite_1788077457042_webvoyager_Coursera__0_a1\
webvoyager_lite_1788077457042,browsegent,Coursera--10,True,"Two introductory courses on Coursera suitable for beginners that include ethical considerations are: 1. 'Ethical AI: AI essentials for everyone' offered by the University of Cambridge, which is designed for beginners and focuses on building foundational ethical AI knowledge. 2. 'Ethics of Artificial Intelligence' offered by Politecnico di Milano, which is also beginner-friendly and covers AI ethic",,1,1,partial,normal,,1,Introduction to Artificial Intelligence (AI),possible,"Locate an introductory course related to artificial intelligence on Coursera, ensuring it's suitable for beginners and contains at least one module discussing Ethical Considerations.",3,D:\BrowseGent\logs\webvoyager-lite\webvoyager_lite_1788077457042\traces\webvoyager_lite_1788077457042_webvoyager_Coursera__10_a1\
webvoyager_lite_1788077457042,browsegent,ESPN--0,True,"The current NBA Eastern Conference standings for the 2025-26 season are: 1. Detroit Pistons (60-2), 2. Boston Celtics (62-6), 3. New York Knicks (62-6), 4. Cleveland Cavaliers (63-6), 5. Toronto Raptors (63-6), 6. Atlanta Hawks (63-6), 7. Philadelphia 76ers (63-6), 8. Orlando Magic (63-6), 9. Charlotte Hornets (63-6), 10. Miami Heat (63-6). Teams from 11th to 15th are Milwaukee Bucks, Chicago Bull",,1,1,partial,normal,,1,<standings> (NBA Eastern Conference),possible,Look up the current standings for the NBA Eastern Conference on ESPN.,6,D:\BrowseGent\logs\webvoyager-lite\webvoyager_lite_1788077457042\traces\webvoyager_lite_1788077457042_webvoyager_ESPN__0_a1\
webvoyager_lite_1788077457042,browsegent,ESPN--10,False,"The latest college football game between USC and San José State on August 30, 2026, ended with a score of USC 42, San José State 26. The game recap highlights that USC secured the victory, with notable contributions from players like Trent Mosley, who had a 41-yard punt return, and Jayden Maiava.",answer_contract_failed:missing_ranking_evidence,0,0,partial,normal,benchmark_result_failed,0.5,<score>; <summary> (latest college football championship game),possible,Check ESPN for the score and a brief recap of the latest college football championship game.,12,D:\BrowseGent\logs\webvoyager-lite\webvoyager_lite_1788077457042\traces\webvoyager_lite_1788077457042_webvoyager_ESPN__10_a1\
webvoyager_lite_1788077457042,browsegent,GitHub--0,True,"The open-source project related to 'climate change data visualization' with the most stars on GitHub is 'resource-watch/resource-watch', which has 73 stars.",,1,1,exact,normal,,1,resource-watch/resource-watch,golden,Search for an open-source project related to 'climate change data visualization' on GitHub and report the project with the most stars.,4,D:\BrowseGent\logs\webvoyager-lite\webvoyager_lite_1788077457042\traces\webvoyager_lite_1788077457042_webvoyager_GitHub__0_a1\
webvoyager_lite_1788077457042,browsegent,GitHub--10,True,"GitHub Copilot Individual (Copilot Pro) costs $20 USD per user/month, which totals $240 USD per year. Features include: access to the latest OpenAI models (such as o1, o3-mini, and GPT-4o), code completion, chat assistance in the IDE, GitHub.com, and mobile, as well as access to Copilot in VS Code, Visual Studio, JetBrains, and Neovim. It also includes 50GB of cloud storage for Copilot Workspace a",,0,0,mismatch,normal,reference_mismatch,0,"$100 per year; Code completions, Chat, and more for indie developers and freelancers.",golden,"If I start using Copilot Individual, how much US dollars will it cost per year and what features does it have?",3,D:\BrowseGent\logs\webvoyager-lite\webvoyager_lite_1788077457042\traces\webvoyager_lite_1788077457042_webvoyager_GitHub__10_a1\
webvoyager_lite_1788077457042,browsegent,Google Flights--0,False,"I have not yet performed the search for flights from Edinburgh to Manchester for December 28th. The current page is the initial Google Flights landing page. Please provide the necessary interaction to proceed with the search, or I can escalate if you would like me to attempt the search myself.",answer_contract_failed:missing_ranking_evidence,0,0,mismatch,normal,benchmark_result_failed|reference_mismatch,0,"Aer Lingus 11:40am - 4:45pm, $412 (real-time)",possible,Book a journey with return option on same day from Edinburg to Manchester on December 28th and show me the lowest price option available.,13,D:\BrowseGent\logs\webvoyager-lite\webvoyager_lite_1788077457042\traces\webvoyager_lite_1788077457042_webvoyager_Google__Flights__0_a1\
webvoyager_lite_1788077457042,browsegent,Google Flights--10,True,"The cheapest round-trip flight from New York to Tokyo for the requested dates (January 25, 2027 – February 15, 2027) is ₹125,181, operated by American Airlines and JAL. This is a nonstop flight departing from JFK at 9:50 AM and arriving at HND at 2:35 PM the following day.",,0,0,mismatch,normal,reference_mismatch,0,"Air Canada, 9:15 AM – 4:50 PM(+1), $1169 (real-time)",possible,"Locate the cheapest round-trip flights from New York to Tokyo leaving on January 25, 2024, and returning on February 15, 2024.",11,D:\BrowseGent\logs\webvoyager-lite\webvoyager_lite_1788077457042\traces\webvoyager_lite_1788077457042_webvoyager_Google__Flights__10_a1\
webvoyager_lite_1788077457042,browsegent,Google Map--0,True,"1. Lady Neptune Hair Salon, Capitol Hill (5.0 stars), 2. Vann Studio Salon (4.8 stars), 3. Lady Neptune Hair Salon, University District (5.0 stars), 4. Salon Mérite – Luxury Hair Salon & Balayage Seattle WA (4.9 stars). Note: Only 4 salons with ratings >= 4.8 were clearly identified in the current view.",,0,0,mismatch,normal,reference_mismatch,0,"Beehive Salon, Intermezzo Salon & Spa, Cindy's Beauty Salon, The Red Chair Salon, Ella and Oz Salon",possible,"Find 5 beauty salons with ratings greater than 4.8 in Seattle, WA.",3,D:\BrowseGent\logs\webvoyager-lite\webvoyager_lite_1788077457042\traces\webvoyager_lite_1788077457042_webvoyager_Google__Map__0_a1\
webvoyager_lite_1788077457042,browsegent,Google Map--10,True,"Castle Mountains National Monument is a national reserve located in Barstow, CA 92311, United States. It is a protected area featuring rare desert grassland, Joshua tree forests, and the 'Castle Peaks' rock spires. It is open 24 hours, and its official website is nps.gov.",,1,1,partial,normal,,1,"located in Barstow, CA 92311; open 24 hours; phone number is (760) 252-6100",possible,Search for a park in the state of California called Castle Mountains National Monument and find out it's Basic Information.,4,D:\BrowseGent\logs\webvoyager-lite\webvoyager_lite_1788077457042\traces\webvoyager_lite_1788077457042_webvoyager_Google__Map__10_a1\
webvoyager_lite_1788077457042,browsegent,Google Search--0,False,,"planner_escalated:captcha:The search request triggered a Google CAPTCHA challenge, preventing access to the search results.",0,0,not_applicable,environment_block,benchmark_result_failed|environment_block,0,"May 5, 2023",golden,Find the initial release date for Guardians of the Galaxy Vol. 3 the movie.,3,D:\BrowseGent\logs\webvoyager-lite\webvoyager_lite_1788077457042\traces\webvoyager_lite_1788077457042_webvoyager_Google__Search__0_a1\
webvoyager_lite_1788077457042,browsegent,Google Search--10,False,,"planner_escalated:captcha:The search request triggered a Google CAPTCHA block, preventing access to the Billboard chart data.",0,0,not_applicable,environment_block,benchmark_result_failed|environment_block,0,"Taylor Swift, 10 songs (different sources have different results)",possible,Find the no. 1 weekly charts ranked artist based on Billboard and tell me 10 most played song by this artist until now.,3,D:\BrowseGent\logs\webvoyager-lite\webvoyager_lite_1788077457042\traces\webvoyager_lite_1788077457042_webvoyager_Google__Search__10_a1\
webvoyager_lite_1788077457042,browsegent,Huggingface--0,False,sentiment-analysis,v2_max_steps_exhausted,0,0,semantic_subset,normal,benchmark_result_failed,0,distilroberta-finetuned-financial-news-sentiment-analysis,possible,"Find a pre-trained natural language processing model on Hugging Face that can perform sentiment analysis, and make sure the model's last update is within March 2023.",13,D:\BrowseGent\logs\webvoyager-lite\webvoyager_lite_1788077457042\traces\webvoyager_lite_1788077457042_webvoyager_Huggingface__0_a1\
webvoyager_lite_1788077457042,browsegent,Huggingface--10,True,"The page at https://huggingface.co/spaces/argilla/notux-chat-ui is currently returning a 404 error, meaning the space does not exist or is unavailable, so it is not possible to interact with it to ask about its training team.",,0,0,mismatch,normal,reference_mismatch,0,Mistral AI team,golden,Open space: argilla/notux-chat-ui and interact with it by asking it 'which team trained you'. What is its answer.,5,D:\BrowseGent\logs\webvoyager-lite\webvoyager_lite_1788077457042\traces\webvoyager_lite_1788077457042_webvoyager_Huggingface__10_a1\
webvoyager_lite_1788077457042,browsegent,Wolfram Alpha--0,True,The derivative of x^2 is 2x. Evaluating this at x=5.6 gives 2 * 5.6 = 11.2.,,1,1,exact,normal,,1,11.2,golden,derivative of x^2 when x=5.6,4,D:\BrowseGent\logs\webvoyager-lite\webvoyager_lite_1788077457042\traces\webvoyager_lite_1788077457042_webvoyager_Wolfram__Alpha__0_a1\
webvoyager_lite_1788077457042,browsegent,Wolfram Alpha--10,True,"The magnetic declination for Oslo, Norway is approximately 3° 18' E (degrees, minutes, seconds east).",,0,0,mismatch,normal,reference_mismatch,0,"geomagnetic field, total 51.5 uT;",golden,"Give the geomagnetic field on June 20, 2023 in Oslo.",4,D:\BrowseGent\logs\webvoyager-lite\webvoyager_lite_1788077457042\traces\webvoyager_lite_1788077457042_webvoyager_Wolfram__Alpha__10_a1\
webvoyager_lite_1788083614237,browsegent,Allrecipes--3,False,,planner_escalated:captcha:The page is protected by a Cloudflare challenge (Just a moment...) which prevents automated access to the search results.,0,0,not_applicable,environment_block,benchmark_result_failed|environment_block,0,"'Vegan Chocolate Chip, Oatmeal, and Nut Cookies', 4.9 star, 67 viewers (> 60)",golden,Locate a recipe for vegan chocolate chip cookies with over 60 reviews and a rating of at least 4.5 stars on Allrecipes.,3,D:\BrowseGent\logs\webvoyager-lite\webvoyager_lite_1788083614237\traces\webvoyager_lite_1788083614237_webvoyager_Allrecipes__3_a1\
webvoyager_lite_1788083614237,browsegent,Allrecipes--10,False,,planner_escalated:captcha:The page is protected by a Cloudflare challenge (Just a moment...) which prevents access to the content.,0,0,not_applicable,environment_block,benchmark_result_failed|environment_block,0,"'Swedish Meatballs I', prep time 25 mins, total time 1 hour 25 mins",golden,"Find The Most Popular Recipes of the 1960s, noting the recipe name, preparation time and total time of the second recipe in this collection.",2,D:\BrowseGent\logs\webvoyager-lite\webvoyager_lite_1788083614237\traces\webvoyager_lite_1788083614237_webvoyager_Allrecipes__10_a1\
webvoyager_lite_1788083614237,browsegent,Amazon--0,True,"The Xbox Wireless Gaming Controller in Velocity Green is available and rated 4.6 out of 5 stars (v2ref_1348, v2ref_1351).",,1,1,partial,normal,,1,Xbox Core Wireless Gaming Controller - Velocity Green; 4.7-star,possible,Search an Xbox Wireless controller with green color and rated above 4 stars.,5,D:\BrowseGent\logs\webvoyager-lite\webvoyager_lite_1788083614237\traces\webvoyager_lite_1788083614237_webvoyager_Amazon__0_a1\
webvoyager_lite_1788083614237,browsegent,Amazon--10,True,"The cost of a 2-year Asurion protection plan for electronics on Amazon varies based on the price range of the item being covered, with options currently listed at $200-$249.99, $250-$299.99, and $400-$449.99.",,0,0,mismatch,normal,reference_mismatch,0,Sony Playstation PS4 1TB Black Console; 2-Year Protection for $30.99,possible,Find the cost of a 2-year protection for PS4 on Amazon.,6,D:\BrowseGent\logs\webvoyager-lite\webvoyager_lite_1788083614237\traces\webvoyager_lite_1788083614237_webvoyager_Amazon__10_a1\
webvoyager_lite_1788083614237,browsegent,Apple--0,True,"The latest MacBook Air models available on Apple's website are the 13-inch and 15-inch models. The 13-inch MacBook Air starts from $1299, and the 15-inch MacBook Air starts from $1499.",,1,1,partial,normal,,1,MacBook Air 13-inch M1 chip: from $999; 13-inch M2 chip: from $1099; 15-inch M2 chip: from $1299,possible,Compare the prices of the latest models of MacBook Air available on Apple's website.,5,D:\BrowseGent\logs\webvoyager-lite\webvoyager_lite_1788083614237\traces\webvoyager_lite_1788083614237_webvoyager_Apple__0_a1\
webvoyager_lite_1788083614237,browsegent,Apple--10,False,"The latest MacBook Pro models are available in 14-inch and 16-inch sizes. The 14-inch model is available with the M5, M5 Pro, or M5 Max chip, starting at $1999. The 16-inch model is available with the M5 Pro or M5 Max chip, starting at $2999.",answer_contract_failed:missing_ranking_evidence,0,0,mismatch,normal,benchmark_result_failed|reference_mismatch,0,"Macbook Pro; processor type: Apple M3 chip, Apple M3 Pro chip, Apple M3 Max chip; memory size: 8GB, 16GB, 18GB, 24GB, 36GB, 48GB, 64GB, 96GB, 128GB; storage capacity: 512GB, 1TB, 2TB, 4TB, 8TB",possible,"Find information on the latest (as of today's date) MacBook model, including its key features such as processor type, memory size, and storage capacity.",12,D:\BrowseGent\logs\webvoyager-lite\webvoyager_lite_1788083614237\traces\webvoyager_lite_1788083614237_webvoyager_Apple__10_a1\
webvoyager_lite_1788083614237,browsegent,ArXiv--0,True,"The latest preprints in quantum physics (quant-ph) include: arXiv:2608.27457, arXiv:2608.27440, arXiv:2608.27430, and arXiv:2608.27426.",,0,0,mismatch,normal,reference_mismatch,0,Any paper related to quantum computing (latest),possible,Search for the latest preprints about 'quantum computing'.,3,D:\BrowseGent\logs\webvoyager-lite\webvoyager_lite_1788083614237\traces\webvoyager_lite_1788083614237_webvoyager_ArXiv__0_a1\
webvoyager_lite_1788083614237,browsegent,ArXiv--10,True,"To withdraw an article from arXiv that has not yet been announced, you must contact the arXiv administrators directly. The process involves sending an email to the administrators, as the submission is not yet publicly available or announced.",,0,0,mismatch,normal,reference_mismatch,0,If your submission has not yet become publicly available you may delete or delay it. To do either of these things go to your user page and select either the Delete or Unsubmit icon.,golden,Visit ArXiv Help on how to withdraw an article if the submission is not yet announced.,13,D:\BrowseGent\logs\webvoyager-lite\webvoyager_lite_1788083614237\traces\webvoyager_lite_1788083614237_webvoyager_ArXiv__10_a1\
webvoyager_lite_1788083614237,browsegent,BBC News--0,False,News link,v2_max_steps_exhausted,0,0,mismatch,normal,benchmark_result_failed|reference_mismatch,0,<report> (about developments in renewable energy technologies in the UK),possible,Find a report on the BBC News website about recent developments in renewable energy technologies in the UK.,13,D:\BrowseGent\logs\webvoyager-lite\webvoyager_lite_1788083614237\traces\webvoyager_lite_1788083614237_webvoyager_BBC__News__0_a1\
webvoyager_lite_1788083614237,browsegent,BBC News--10,True,There are currently no headlines on the BBC News UK page specifically covering the UK's plan to tackle climate change. The top stories currently focus on changes to the early release scheme for prisoners and related political developments.,,1,1,partial,normal,,1,News about UK's plan to tackle climate change,possible,Identify the main headlines covering the UK's plan to tackle climate change on BBC News.,13,D:\BrowseGent\logs\webvoyager-lite\webvoyager_lite_1788083614237\traces\webvoyager_lite_1788083614237_webvoyager_BBC__News__10_a1\
webvoyager_lite_1788083614237,browsegent,Booking--0,False,Dismiss sign in information. button,v2_max_steps_exhausted,0,0,mismatch,normal,benchmark_result_failed|reference_mismatch,0,Be Local,possible,Find a Mexico hotel with deals for December 25-26.,13,D:\BrowseGent\logs\webvoyager-lite\webvoyager_lite_1788083614237\traces\webvoyager_lite_1788083614237_webvoyager_Booking__0_a1\
webvoyager_lite_1788083614237,browsegent,Booking--10,False,https://www.booking.com/,v2_max_steps_exhausted,0,0,mismatch,normal,benchmark_result_failed|reference_mismatch,0,Villa Alessandra,possible,"Find a well-reviewed hotel in Paris with available bookings suitable for a couple (2 adults) on Valentine's Day week, February 14-21, 2024, that offers free cancellation options.",13,D:\BrowseGent\logs\webvoyager-lite\webvoyager_lite_1788083614237\traces\webvoyager_lite_1788083614237_webvoyager_Booking__10_a1\
webvoyager_lite_1788083614237,browsegent,Cambridge Dictionary--0,False,,"planner_escalated:captcha:The page is currently blocked by a Cloudflare challenge, preventing access to the dictionary search functionality.",0,0,not_applicable,environment_block,benchmark_result_failed|environment_block,0,"UK: /səˌsteɪ.nəˈbɪl.ə.ti/, US: /səˌsteɪ.nəˈbɪl.ə.t̬i/; the quality of being able to continue over a period of time",golden,"Look up the pronunciation and definition of the word ""sustainability"" on the Cambridge Dictionary.",2,D:\BrowseGent\logs\webvoyager-lite\webvoyager_lite_1788083614237\traces\webvoyager_lite_1788083614237_webvoyager_Cambridge__Dictionary__0_a1\
webvoyager_lite_1788083614237,browsegent,Cambridge Dictionary--10,False,,planner_escalated:captcha:The page is currently blocked by a Cloudflare security challenge (Just a moment...) which prevents access to the dictionary content.,0,0,not_applicable,environment_block,benchmark_result_failed|environment_block,0,"UK: /ɪmˈpek.ə.bəl/, US: /ɪmˈpek.ə.bəl/; perfect, with no problems or bad parts; His English is impeccable.",possible,"Look up the definition and pronunciation of the word ""impeccable"" and also find an example sentence using that word.",3,D:\BrowseGent\logs\webvoyager-lite\webvoyager_lite_1788083614237\traces\webvoyager_lite_1788083614237_webvoyager_Cambridge__Dictionary__10_a1\
webvoyager_lite_1788083614237,browsegent,Coursera--0,True,"The course '3D Printing Software' provided by the University of Illinois Urbana-Champaign is a beginner-level course that lasts 1-3 months, fitting the specified criteria.",,0,0,mismatch,normal,reference_mismatch,0,"Rapid Prototyping Using 3D Printing, Specialization",possible,"Find a beginner-level online course about '3d printing' which lasts 1-3 months, and is provided by a renowned university.",3,D:\BrowseGent\logs\webvoyager-lite\webvoyager_lite_1788083614237\traces\webvoyager_lite_1788083614237_webvoyager_Coursera__0_a1\
webvoyager_lite_1788083614237,browsegent,Coursera--10,True,"An introductory course suitable for beginners that includes ethical considerations is 'Ethics of Artificial Intelligence' offered by Politecnico di Milano. It is designed for beginners, covers social impact and responsible AI, and is available on Coursera.",,1,1,partial,normal,,1,Introduction to Artificial Intelligence (AI),possible,"Locate an introductory course related to artificial intelligence on Coursera, ensuring it's suitable for beginners and contains at least one module discussing Ethical Considerations.",4,D:\BrowseGent\logs\webvoyager-lite\webvoyager_lite_1788083614237\traces\webvoyager_lite_1788083614237_webvoyager_Coursera__10_a1\
webvoyager_lite_1788083614237,browsegent,ESPN--0,True,"The current NBA Eastern Conference standings for the 2025-26 season are: 1. Detroit Pistons (6-0), 2. Boston Celtics (8-2), 3. New York Knicks (8-2), 4. Cleveland Cavaliers (7-3), 5. Toronto Raptors (6-4), 6. Atlanta Hawks (6-4), 7. Philadelphia 76ers (5-4), 8. Orlando Magic (5-4), 9. Charlotte Hornets (4-3), 10. Miami Heat (4-3), 11. Milwaukee Bucks (2-5), 12. Chicago Bulls (3-5), 13. Brooklyn Ne",,1,1,partial,normal,,1,<standings> (NBA Eastern Conference),possible,Look up the current standings for the NBA Eastern Conference on ESPN.,6,D:\BrowseGent\logs\webvoyager-lite\webvoyager_lite_1788083614237\traces\webvoyager_lite_1788083614237_webvoyager_ESPN__0_a1\
webvoyager_lite_1788083614237,browsegent,ESPN--10,False,"The latest college football championship game score is USC 42, San José State 26, played on August 30, 2026. The game recap highlights USC's victory over San José State.",answer_contract_failed:missing_ranking_evidence,0,0,partial,normal,benchmark_result_failed,0.5,<score>; <summary> (latest college football championship game),possible,Check ESPN for the score and a brief recap of the latest college football championship game.,12,D:\BrowseGent\logs\webvoyager-lite\webvoyager_lite_1788083614237\traces\webvoyager_lite_1788083614237_webvoyager_ESPN__10_a1\
webvoyager_lite_1788083614237,browsegent,GitHub--0,True,"The open-source project related to 'climate change data visualization' with the most stars on GitHub is 'resource-watch/resource-watch', which has 73 stars.",,1,1,exact,normal,,1,resource-watch/resource-watch,golden,Search for an open-source project related to 'climate change data visualization' on GitHub and report the project with the most stars.,4,D:\BrowseGent\logs\webvoyager-lite\webvoyager_lite_1788083614237\traces\webvoyager_lite_1788083614237_webvoyager_GitHub__0_a1\
webvoyager_lite_1788083614237,browsegent,GitHub--10,True,"GitHub Copilot Individual costs $10 USD per month or $100 USD per year. It includes features such as inline code suggestions, chat assistance in the IDE, and support for various IDEs like Visual Studio Code, Visual Studio, JetBrains, and Neovim. It is designed for individual developers, freelancers, students, educators, and open source maintainers, providing the same core coding assistance as the ",,0,0,partial,normal,,0.5,"$100 per year; Code completions, Chat, and more for indie developers and freelancers.",golden,"If I start using Copilot Individual, how much US dollars will it cost per year and what features does it have?",5,D:\BrowseGent\logs\webvoyager-lite\webvoyager_lite_1788083614237\traces\webvoyager_lite_1788083614237_webvoyager_GitHub__10_a1\
webvoyager_lite_1788083614237,browsegent,Google Flights--0,False,"I have not yet booked the journey as the current page is the initial search interface for Google Flights. To proceed with your request for a return flight from Edinburgh to Manchester on December 28th, I need to input these details into the search form (v2ref_16496, v2ref_236, v2ref_16499) and execute the search (v2ref_23026). Currently, the page is showing generic flight deals rather than the spe",answer_contract_failed:missing_ranking_evidence,0,0,mismatch,normal,benchmark_result_failed|reference_mismatch,0,"Aer Lingus 11:40am - 4:45pm, $412 (real-time)",possible,Book a journey with return option on same day from Edinburg to Manchester on December 28th and show me the lowest price option available.,13,D:\BrowseGent\logs\webvoyager-lite\webvoyager_lite_1788083614237\traces\webvoyager_lite_1788083614237_webvoyager_Google__Flights__0_a1\
webvoyager_lite_1788083614237,browsegent,Google Flights--10,True,"The cheapest round-trip flight from New York to Tokyo for the requested dates (January 25, 2027 – February 15, 2027) is ₹125,181, operated by American Airlines and JAL (nonstop). Other flight). Other). Other). Other Other Other Other Other Other Other Other Other Other Other Other Other Other Other Other Other Other Other Other Other Other Other Other Other Other Other Other Other Other Other Othe",,0,0,mismatch,normal,reference_mismatch,0,"Air Canada, 9:15 AM – 4:50 PM(+1), $1169 (real-time)",possible,"Locate the cheapest round-trip flights from New York to Tokyo leaving on January 25, 2024, and returning on February 15, 2024.",7,D:\BrowseGent\logs\webvoyager-lite\webvoyager_lite_1788083614237\traces\webvoyager_lite_1788083614237_webvoyager_Google__Flights__10_a1\
webvoyager_lite_1788083614237,browsegent,Google Map--0,True,"The following beauty salons in Seattle, WA have ratings of 4.8 or higher: 1. Lady Neptune Hair Salon (Capitol Hill) - 5.0 stars, 2. Vann Studio Salon - 4.8 stars, 3. Lady Neptune Hair Salon (University District) - 5.0 stars, 4. Salon Mérite – Luxury Hair Salon & Balayage - 4.9 stars. Note: Only 4 salons meeting the criteria were clearly identified in the current view.",,0,0,mismatch,normal,reference_mismatch,0,"Beehive Salon, Intermezzo Salon & Spa, Cindy's Beauty Salon, The Red Chair Salon, Ella and Oz Salon",possible,"Find 5 beauty salons with ratings greater than 4.8 in Seattle, WA.",4,D:\BrowseGent\logs\webvoyager-lite\webvoyager_lite_1788083614237\traces\webvoyager_lite_1788083614237_webvoyager_Google__Map__0_a1\
webvoyager_lite_1788083614237,browsegent,Google Map--10,True,"Castle Mountains National Monument is a national reserve located in Barstow, CA 92311, United States. It is a protected area featuring rare desert grassland, Joshua tree forests, and the 'Castle Peaks' rock spires. It is open 24 hours, and more information can be found at nps.gov.",,1,1,partial,normal,,1,"located in Barstow, CA 92311; open 24 hours; phone number is (760) 252-6100",possible,Search for a park in the state of California called Castle Mountains National Monument and find out it's Basic Information.,4,D:\BrowseGent\logs\webvoyager-lite\webvoyager_lite_1788083614237\traces\webvoyager_lite_1788083614237_webvoyager_Google__Map__10_a1\
webvoyager_lite_1788083614237,browsegent,Google Search--0,False,,"planner_escalated:captcha:The search request triggered a Google CAPTCHA challenge, preventing access to the search results.",0,0,not_applicable,environment_block,benchmark_result_failed|environment_block,0,"May 5, 2023",golden,Find the initial release date for Guardians of the Galaxy Vol. 3 the movie.,3,D:\BrowseGent\logs\webvoyager-lite\webvoyager_lite_1788083614237\traces\webvoyager_lite_1788083614237_webvoyager_Google__Search__0_a1\
webvoyager_lite_1788083614237,browsegent,Google Search--10,False,,"planner_escalated:captcha:The search request triggered a Google CAPTCHA block, preventing access to the Billboard chart data.",0,0,not_applicable,environment_block,benchmark_result_failed|environment_block,0,"Taylor Swift, 10 songs (different sources have different results)",possible,Find the no. 1 weekly charts ranked artist based on Billboard and tell me 10 most played song by this artist until now.,3,D:\BrowseGent\logs\webvoyager-lite\webvoyager_lite_1788083614237\traces\webvoyager_lite_1788083614237_webvoyager_Google__Search__10_a1\
webvoyager_lite_1788083614237,browsegent,Huggingface--0,True,"The model 'finiteautomata/bertweet-base-sentiment-analysis' (v2ref_5862) is a pre-trained natural language processing model for sentiment analysis on Hugging Face, and its last update was on February 17, 2023, which is within the requested timeframe of March 2023.",,0,0,mismatch,normal,reference_mismatch,0,distilroberta-finetuned-financial-news-sentiment-analysis,possible,"Find a pre-trained natural language processing model on Hugging Face that can perform sentiment analysis, and make sure the model's last update is within March 2023.",9,D:\BrowseGent\logs\webvoyager-lite\webvoyager_lite_1788083614237\traces\webvoyager_lite_1788083614237_webvoyager_Huggingface__0_a1\
webvoyager_lite_1788083614237,browsegent,Huggingface--10,False,,"planner_escalated:dead_end:The requested space 'argilla/notux-chat-ui' resulted in a 404 error on Hugging Face, indicating the page does not exist or is unavailable.",0,0,mismatch,normal,benchmark_result_failed|reference_mismatch,0,Mistral AI team,golden,Open space: argilla/notux-chat-ui and interact with it by asking it 'which team trained you'. What is its answer.,4,D:\BrowseGent\logs\webvoyager-lite\webvoyager_lite_1788083614237\traces\webvoyager_lite_1788083614237_webvoyager_Huggingface__10_a1\
webvoyager_lite_1788083614237,browsegent,Wolfram Alpha--0,True,The derivative of x^2 is 2x. Evaluating this at x=5.6 gives 2 * 5.6 = 11.2.,,1,1,exact,normal,,1,11.2,golden,derivative of x^2 when x=5.6,4,D:\BrowseGent\logs\webvoyager-lite\webvoyager_lite_1788083614237\traces\webvoyager_lite_1788083614237_webvoyager_Wolfram__Alpha__0_a1\
webvoyager_lite_1788083614237,browsegent,Wolfram Alpha--10,True,"The magnetic declination for Oslo, Norway is approximately 3° 18' E (3.3° East).",,0,0,mismatch,normal,reference_mismatch,0,"geomagnetic field, total 51.5 uT;",golden,"Give the geomagnetic field on June 20, 2023 in Oslo.",4,D:\BrowseGent\logs\webvoyager-lite\webvoyager_lite_1788083614237\traces\webvoyager_lite_1788083614237_webvoyager_Wolfram__Alpha__10_a1\
webvoyager_lite_1788091487187,browsegent,Allrecipes--3,False,,planner_escalated:captcha:The page is protected by a Cloudflare Turnstile challenge which cannot be bypassed.,0,0,not_applicable,environment_block,benchmark_result_failed|environment_block,0,"'Vegan Chocolate Chip, Oatmeal, and Nut Cookies', 4.9 star, 67 viewers (> 60)",golden,Locate a recipe for vegan chocolate chip cookies with over 60 reviews and a rating of at least 4.5 stars on Allrecipes.,3,D:\BrowseGent\logs\webvoyager-lite\webvoyager_lite_1788091487187\traces\webvoyager_lite_1788091487187_webvoyager_Allrecipes__3_a1\
webvoyager_lite_1788091487187,browsegent,Allrecipes--10,False,,"planner_escalated:captcha:The search request triggered a Google CAPTCHA page, preventing access to the search results.",0,0,not_applicable,environment_block,benchmark_result_failed|environment_block,0,"'Swedish Meatballs I', prep time 25 mins, total time 1 hour 25 mins",golden,"Find The Most Popular Recipes of the 1960s, noting the recipe name, preparation time and total time of the second recipe in this collection.",2,D:\BrowseGent\logs\webvoyager-lite\webvoyager_lite_1788091487187\traces\webvoyager_lite_1788091487187_webvoyager_Allrecipes__10_a1\
webvoyager_lite_1788091487187,browsegent,Amazon--0,True,The Xbox Wireless Controller in Velocity Green is available and rated 4.6 out of 5 stars.,,1,1,partial,normal,,1,Xbox Core Wireless Gaming Controller - Velocity Green; 4.7-star,possible,Search an Xbox Wireless controller with green color and rated above 4 stars.,6,D:\BrowseGent\logs\webvoyager-lite\webvoyager_lite_1788091487187\traces\webvoyager_lite_1788091487187_webvoyager_Amazon__0_a1\
webvoyager_lite_1788091487187,browsegent,Amazon--10,True,"The cost of a 2-year protection plan for PS4 on Amazon varies based on the item's price range, with options observed ranging from $200 to $449.99. Specifically, Asurion 2-year protection plans are listed for items in the $200-$249.99 range ($200), $250-$299.99 range ($250), and $400-$449.99 range ($400).",,0,0,mismatch,normal,reference_mismatch,0,Sony Playstation PS4 1TB Black Console; 2-Year Protection for $30.99,possible,Find the cost of a 2-year protection for PS4 on Amazon.,7,D:\BrowseGent\logs\webvoyager-lite\webvoyager_lite_1788091487187\traces\webvoyager_lite_1788091487187_webvoyager_Amazon__10_a1\
webvoyager_lite_1788091487187,browsegent,Apple--0,True,"The latest MacBook Air models available on Apple's website are the 13-inch and 15-inch models. The 13-inch MacBook Air starts at $1299, and the 15-inch MacBook Air starts at $1499.",,1,1,partial,normal,,1,MacBook Air 13-inch M1 chip: from $999; 13-inch M2 chip: from $1099; 15-inch M2 chip: from $1299,possible,Compare the prices of the latest models of MacBook Air available on Apple's website.,6,D:\BrowseGent\logs\webvoyager-lite\webvoyager_lite_1788091487187\traces\webvoyager_lite_1788091487187_webvoyager_Apple__0_a1\
webvoyager_lite_1788091487187,browsegent,Apple--10,True,"The latest MacBook Pro models are the 14-inch and 16-inch versions. Key features include: 14-inch model is available with M5, M5 Pro, or M5 Max chips, starting at $1999. The 16-inch model is available with M5 Pro or M5 Max chips, starting at $2999. Specific memory and storage capacities are configurable during the purchase process.",,0,0,mismatch,normal,reference_mismatch,0,"Macbook Pro; processor type: Apple M3 chip, Apple M3 Pro chip, Apple M3 Max chip; memory size: 8GB, 16GB, 18GB, 24GB, 36GB, 48GB, 64GB, 96GB, 128GB; storage capacity: 512GB, 1TB, 2TB, 4TB, 8TB",possible,"Find information on the latest (as of today's date) MacBook model, including its key features such as processor type, memory size, and storage capacity.",6,D:\BrowseGent\logs\webvoyager-lite\webvoyager_lite_1788091487187\traces\webvoyager_lite_1788091487187_webvoyager_Apple__10_a1\
webvoyager_lite_1788091487187,browsegent,ArXiv--0,True,"The latest preprints about 'quantum computing' on arXiv (quant-ph) are: 1. arXiv:2608.27457, 2. arXiv:2608.27440, 3. arXiv:2608.27430, 4. arXiv:2608.27426.",,1,1,partial,normal,,1,Any paper related to quantum computing (latest),possible,Search for the latest preprints about 'quantum computing'.,5,D:\BrowseGent\logs\webvoyager-lite\webvoyager_lite_1788091487187\traces\webvoyager_lite_1788091487187_webvoyager_ArXiv__0_a1\
webvoyager_lite_1788091487187,browsegent,ArXiv--10,True,"To withdraw an article from arXiv that has not yet been announced, you must contact the arXiv administrators directly. The process involves sending an email to the administrators with the submission details, as the submission is not yet publicly available or announced.",,0,0,mismatch,normal,reference_mismatch,0,If your submission has not yet become publicly available you may delete or delay it. To do either of these things go to your user page and select either the Delete or Unsubmit icon.,golden,Visit ArXiv Help on how to withdraw an article if the submission is not yet announced.,13,D:\BrowseGent\logs\webvoyager-lite\webvoyager_lite_1788091487187\traces\webvoyager_lite_1788091487187_webvoyager_ArXiv__10_a1\
webvoyager_lite_1788091487187,browsegent,BBC News--0,True,https://www.bbc.com/news/articles/c5y00000000o,,0,0,mismatch,normal,reference_mismatch,0,<report> (about developments in renewable energy technologies in the UK),possible,Find a report on the BBC News website about recent developments in renewable energy technologies in the UK.,13,D:\BrowseGent\logs\webvoyager-lite\webvoyager_lite_1788091487187\traces\webvoyager_lite_1788091487187_webvoyager_BBC__News__0_a1\
webvoyager_lite_1788091487187,browsegent,BBC News--10,True,The current BBC News UK page does not feature any headlines regarding the UK's plan to tackle climate change. The top stories currently focus on changes to the early release scheme for prisoners.,,1,1,partial,normal,,1,News about UK's plan to tackle climate change,possible,Identify the main headlines covering the UK's plan to tackle climate change on BBC News.,13,D:\BrowseGent\logs\webvoyager-lite\webvoyager_lite_1788091487187\traces\webvoyager_lite_1788091487187_webvoyager_BBC__News__10_a1\
webvoyager_lite_1788091487187,browsegent,Booking--0,False,,planner_invalid_output_dead_end,0,0,mismatch,normal,benchmark_result_failed|reference_mismatch,0,Be Local,possible,Find a Mexico hotel with deals for December 25-26.,8,D:\BrowseGent\logs\webvoyager-lite\webvoyager_lite_1788091487187\traces\webvoyager_lite_1788091487187_webvoyager_Booking__0_a1\
webvoyager_lite_1788091487187,browsegent,Booking--10,False,https://www.booking.com/,v2_max_steps_exhausted,0,0,mismatch,normal,benchmark_result_failed|reference_mismatch,0,Villa Alessandra,possible,"Find a well-reviewed hotel in Paris with available bookings suitable for a couple (2 adults) on Valentine's Day week, February 14-21, 2024, that offers free cancellation options.",13,D:\BrowseGent\logs\webvoyager-lite\webvoyager_lite_1788091487187\traces\webvoyager_lite_1788091487187_webvoyager_Booking__10_a1\
webvoyager_lite_1788091487187,browsegent,Cambridge Dictionary--0,False,,"planner_escalated:captcha:The page is currently blocked by a Cloudflare 'Just a moment...' security challenge, preventing access to the dictionary content.",0,0,not_applicable,environment_block,benchmark_result_failed|environment_block,0,"UK: /səˌsteɪ.nəˈbɪl.ə.ti/, US: /səˌsteɪ.nəˈbɪl.ə.t̬i/; the quality of being able to continue over a period of time",golden,"Look up the pronunciation and definition of the word ""sustainability"" on the Cambridge Dictionary.",3,D:\BrowseGent\logs\webvoyager-lite\webvoyager_lite_1788091487187\traces\webvoyager_lite_1788091487187_webvoyager_Cambridge__Dictionary__0_a1\
webvoyager_lite_1788091487187,browsegent,Cambridge Dictionary--10,False,,"planner_escalated:captcha:The page is currently blocked by a Cloudflare 'Just a moment...' challenge, preventing access to the dictionary content.",0,0,not_applicable,environment_block,benchmark_result_failed|environment_block,0,"UK: /ɪmˈpek.ə.bəl/, US: /ɪmˈpek.ə.bəl/; perfect, with no problems or bad parts; His English is impeccable.",possible,"Look up the definition and pronunciation of the word ""impeccable"" and also find an example sentence using that word.",2,D:\BrowseGent\logs\webvoyager-lite\webvoyager_lite_1788091487187\traces\webvoyager_lite_1788091487187_webvoyager_Cambridge__Dictionary__10_a1\
webvoyager_lite_1788091487187,browsegent,Coursera--0,True,"A suitable beginner-level course is '3D Printing Applications', offered by the University of Illinois Urbana-Champaign. It is a beginner-level course that lasts 1-3 months.",,0,0,mismatch,normal,reference_mismatch,0,"Rapid Prototyping Using 3D Printing, Specialization",possible,"Find a beginner-level online course about '3d printing' which lasts 1-3 months, and is provided by a renowned university.",3,D:\BrowseGent\logs\webvoyager-lite\webvoyager_lite_1788091487187\traces\webvoyager_lite_1788091487187_webvoyager_Coursera__0_a1\
webvoyager_lite_1788091487187,browsegent,Coursera--10,True,"Coursera offers several introductory courses on AI ethics suitable for beginners. Notable options include: 1. 'Ethical AI: AI essentials for everyone' by the University of Cambridge, designed for beginners seeking foundational AI literacy. 2. 'Ethics of Artificial Intelligence' by Politecnico di Milano, which focuses on social impact and provides a computer science perspective. 3. 'Ethical AI Use'",,1,1,partial,normal,,1,Introduction to Artificial Intelligence (AI),possible,"Locate an introductory course related to artificial intelligence on Coursera, ensuring it's suitable for beginners and contains at least one module discussing Ethical Considerations.",3,D:\BrowseGent\logs\webvoyager-lite\webvoyager_lite_1788091487187\traces\webvoyager_lite_1788091487187_webvoyager_Coursera__10_a1\
webvoyager_lite_1788091487187,browsegent,ESPN--0,True,"The current NBA Eastern Conference standings for the 2025-26 season are: 1. Detroit Pistons (60-2), 2. Boston Celtics (38-25), 3. New York Knicks (28-25), 4. Cleveland Cavaliers (16-45), 5. Toronto Raptors (23-18), 6. Atlanta Hawks (23-18), 7. Philadelphia 76ers (23-18), 8. Orlando Magic (25-15), 9. Charlotte Hornets (21-20), 10. Miami Heat (26-15).",,1,1,partial,normal,,1,<standings> (NBA Eastern Conference),possible,Look up the current standings for the NBA Eastern Conference on ESPN.,6,D:\BrowseGent\logs\webvoyager-lite\webvoyager_lite_1788091487187\traces\webvoyager_lite_1788091487187_webvoyager_ESPN__0_a1\
webvoyager_lite_1788091487187,browsegent,ESPN--10,True,"The latest college football championship game information is not currently displayed on the ESPN scoreboard page. The page shows recent regular season games, such as USC's 42-26 win over San Jose State.",,1,1,partial,normal,,1,<score>; <summary> (latest college football championship game),possible,Check ESPN for the score and a brief recap of the latest college football championship game.,13,D:\BrowseGent\logs\webvoyager-lite\webvoyager_lite_1788091487187\traces\webvoyager_lite_1788091487187_webvoyager_ESPN__10_a1\
webvoyager_lite_1788091487187,browsegent,GitHub--0,True,"The open-source project related to 'climate change data visualization' with the most stars on GitHub is 'resource-watch/resource-watch', which has 73 stars.",,1,1,exact,normal,,1,resource-watch/resource-watch,golden,Search for an open-source project related to 'climate change data visualization' on GitHub and report the project with the most stars.,5,D:\BrowseGent\logs\webvoyager-lite\webvoyager_lite_1788091487187\traces\webvoyager_lite_1788091487187_webvoyager_GitHub__0_a1\
webvoyager_lite_1788091487187,browsegent,GitHub--10,True,"GitHub Copilot Individual costs $10 per month or $100 per year. It includes features such as inline code suggestions, chat assistance in the IDE, code explanations, and answers to documentation questions. It is designed for individual developers, freelancers, students, educators, and open source maintainers, offering the same core coding assistance as the Business plan but without organizational l",,0,0,partial,normal,,0.5,"$100 per year; Code completions, Chat, and more for indie developers and freelancers.",golden,"If I start using Copilot Individual, how much US dollars will it cost per year and what features does it have?",3,D:\BrowseGent\logs\webvoyager-lite\webvoyager_lite_1788091487187\traces\webvoyager_lite_1788091487187_webvoyager_GitHub__10_a1\
webvoyager_lite_1788091487187,browsegent,Google Flights--0,False,Edinburgh,v2_max_steps_exhausted,0,0,mismatch,normal,benchmark_result_failed|reference_mismatch,0,"Aer Lingus 11:40am - 4:45pm, $412 (real-time)",possible,Book a journey with return option on same day from Edinburg to Manchester on December 28th and show me the lowest price option available.,13,D:\BrowseGent\logs\webvoyager-lite\webvoyager_lite_1788091487187\traces\webvoyager_lite_1788091487187_webvoyager_Google__Flights__0_a1\
webvoyager_lite_1788091487187,browsegent,Google Flights--10,True,"The cheapest round-trip flight from New York to Tokyo for the specified dates is ₹21,165, as observed in the current search results for Orlando (which appears to be a mislabeled or redirected destination in the current explore view).",,0,0,mismatch,normal,reference_mismatch,0,"Air Canada, 9:15 AM – 4:50 PM(+1), $1169 (real-time)",possible,"Locate the cheapest round-trip flights from New York to Tokyo leaving on January 25, 2024, and returning on February 15, 2024.",8,D:\BrowseGent\logs\webvoyager-lite\webvoyager_lite_1788091487187\traces\webvoyager_lite_1788091487187_webvoyager_Google__Flights__10_a1\
webvoyager_lite_1788091487187,browsegent,Google Map--0,True,"The following beauty salons in Seattle, WA have ratings of 4.8 or higher: 1. Lady Neptune Hair Salon, Capitol Hill (5.0 stars), 2. Lady Neptune Hair Salon, University District (5.0 stars), 3. Salon Mérite – Luxury Hair Salon & Balayage (4.9 stars), 4. Vann Studio Salon (4.8 stars). Only 4 salons meeting the criteria were found in the current view.",,0,0,mismatch,normal,reference_mismatch,0,"Beehive Salon, Intermezzo Salon & Spa, Cindy's Beauty Salon, The Red Chair Salon, Ella and Oz Salon",possible,"Find 5 beauty salons with ratings greater than 4.8 in Seattle, WA.",4,D:\BrowseGent\logs\webvoyager-lite\webvoyager_lite_1788091487187\traces\webvoyager_lite_1788091487187_webvoyager_Google__Map__0_a1\
webvoyager_lite_1788091487187,browsegent,Google Map--10,True,"Castle Mountains National Monument is a national reserve located in Barstow, CA 92311, United States. It is a protected area featuring rare desert grassland, Joshua tree forests, and the 'Castle Peaks' rock spires. It is open 24 hours. More information can be found at nps.gov.",,1,1,partial,normal,,1,"located in Barstow, CA 92311; open 24 hours; phone number is (760) 252-6100",possible,Search for a park in the state of California called Castle Mountains National Monument and find out it's Basic Information.,4,D:\BrowseGent\logs\webvoyager-lite\webvoyager_lite_1788091487187\traces\webvoyager_lite_1788091487187_webvoyager_Google__Map__10_a1\
webvoyager_lite_1788091487187,browsegent,Google Search--0,False,,"planner_escalated:captcha:The page is blocked by a Google CAPTCHA, preventing access to the search results.",0,0,not_applicable,environment_block,benchmark_result_failed|environment_block,0,"May 5, 2023",golden,Find the initial release date for Guardians of the Galaxy Vol. 3 the movie.,2,D:\BrowseGent\logs\webvoyager-lite\webvoyager_lite_1788091487187\traces\webvoyager_lite_1788091487187_webvoyager_Google__Search__0_a1\
webvoyager_lite_1788091487187,browsegent,Google Search--10,False,,"planner_escalated:captcha:The search request triggered a Google CAPTCHA block, preventing access to the requested Billboard chart information.",0,0,not_applicable,environment_block,benchmark_result_failed|environment_block,0,"Taylor Swift, 10 songs (different sources have different results)",possible,Find the no. 1 weekly charts ranked artist based on Billboard and tell me 10 most played song by this artist until now.,3,D:\BrowseGent\logs\webvoyager-lite\webvoyager_lite_1788091487187\traces\webvoyager_lite_1788091487187_webvoyager_Google__Search__10_a1\
webvoyager_lite_1788091487187,browsegent,Huggingface--0,True,"The model 'finiteautomata/bertweet-base-sentiment-analysis' is a pre-trained natural language processing model on Hugging Face for sentiment analysis, and it was last updated on February 17, 2023, which is within the requested timeframe of March 2023.",,0,0,mismatch,normal,reference_mismatch,0,distilroberta-finetuned-financial-news-sentiment-analysis,possible,"Find a pre-trained natural language processing model on Hugging Face that can perform sentiment analysis, and make sure the model's last update is within March 2023.",7,D:\BrowseGent\logs\webvoyager-lite\webvoyager_lite_1788091487187\traces\webvoyager_lite_1788091487187_webvoyager_Huggingface__0_a1\
webvoyager_lite_1788091487187,browsegent,Huggingface--10,True,"The requested space 'argilla/notux-chat-ui' resulted in a 404 error on Hugging Face, indicating the page does not exist or is unavailable.",,0,0,mismatch,normal,reference_mismatch,0,Mistral AI team,golden,Open space: argilla/notux-chat-ui and interact with it by asking it 'which team trained you'. What is its answer.,4,D:\BrowseGent\logs\webvoyager-lite\webvoyager_lite_1788091487187\traces\webvoyager_lite_1788091487187_webvoyager_Huggingface__10_a1\
webvoyager_lite_1788091487187,browsegent,Wolfram Alpha--0,True,The derivative of x^2 is 2x. Evaluating this at x=5.6 gives 2 * 5.6 = 11.2.,,1,1,exact,normal,,1,11.2,golden,derivative of x^2 when x=5.6,4,D:\BrowseGent\logs\webvoyager-lite\webvoyager_lite_1788091487187\traces\webvoyager_lite_1788091487187_webvoyager_Wolfram__Alpha__0_a1\
webvoyager_lite_1788091487187,browsegent,Wolfram Alpha--10,True,"The geomagnetic field in Oslo, Norway, on June 20, 2023, is characterized by a magnetic declination of approximately 3° 33' E (3.55°) and a magnetic dip (inclination) of approximately 72° 53' N (72.88°).",,0,0,partial,normal,,0.5,"geomagnetic field, total 51.5 uT;",golden,"Give the geomagnetic field on June 20, 2023 in Oslo.",4,D:\BrowseGent\logs\webvoyager-lite\webvoyager_lite_1788091487187\traces\webvoyager_lite_1788091487187_webvoyager_Wolfram__Alpha__10_a1\
webvoyager_lite_1788244732279,browsegent,Allrecipes--3,False,,"planner_escalated:captcha:The page is currently blocked by a Cloudflare 'Just a moment...' challenge, which prevents automated access to the site content.",0,0,not_applicable,environment_block,benchmark_result_failed|environment_block,0,"'Vegan Chocolate Chip, Oatmeal, and Nut Cookies', 4.9 star, 67 viewers (> 60)",golden,Locate a recipe for vegan chocolate chip cookies with over 60 reviews and a rating of at least 4.5 stars on Allrecipes.,1,D:\BrowseGent\logs\webvoyager-lite\webvoyager_lite_1788244732279\traces\webvoyager_lite_1788244732279_webvoyager_Allrecipes__3_a1\
webvoyager_lite_1788244732279,browsegent,Allrecipes--10,False,,planner_escalated:captcha:The page is protected by a Cloudflare challenge ('Just a moment...') which prevents automated access to the content.,0,0,not_applicable,environment_block,benchmark_result_failed|environment_block,0,"'Swedish Meatballs I', prep time 25 mins, total time 1 hour 25 mins",golden,"Find The Most Popular Recipes of the 1960s, noting the recipe name, preparation time and total time of the second recipe in this collection.",1,D:\BrowseGent\logs\webvoyager-lite\webvoyager_lite_1788244732279\traces\webvoyager_lite_1788244732279_webvoyager_Allrecipes__10_a1\
webvoyager_lite_1788244732279,browsegent,Amazon--0,True,"The search results for 'Xbox Wireless controller green color' rated above 4 stars include: 1. Microsoft Xbox Wireless Controller - Velocity Green (5 stars, 1,805 ratings), 2. Wireless Custom Controller Compatible with PC, Windows 10+, Series X/S & One (Series X/S Olive Green) (5 stars, 260 ratings), and 3. Xbox Core Wireless Gaming Controller – Velocity Green Series X|S, One, Windows PC, Android, ",,1,1,partial,normal,,1,Xbox Core Wireless Gaming Controller - Velocity Green; 4.7-star,possible,Search an Xbox Wireless controller with green color and rated above 4 stars.,5,D:\BrowseGent\logs\webvoyager-lite\webvoyager_lite_1788244732279\traces\webvoyager_lite_1788244732279_webvoyager_Amazon__0_a1\
webvoyager_lite_1788244732279,browsegent,Amazon--10,True,"The cost of a 2-year protection plan for a PS4 on Amazon varies based on the specific plan tier, with options currently listed at $50-$59.99, $60-$69.99, and $125-$149.99.",,0,0,mismatch,normal,reference_mismatch,0,Sony Playstation PS4 1TB Black Console; 2-Year Protection for $30.99,possible,Find the cost of a 2-year protection for PS4 on Amazon.,3,D:\BrowseGent\logs\webvoyager-lite\webvoyager_lite_1788244732279\traces\webvoyager_lite_1788244732279_webvoyager_Amazon__10_a1\
webvoyager_lite_1788244732279,browsegent,Apple--0,True,"The latest MacBook Air, powered by the M5 chip, is available starting from $1299 or $108.25/mo. for 12 months. Additionally, there is a lease option available from $24.99/mo. for 36 months with Apple Upgrade.",,1,1,partial,normal,,1,MacBook Air 13-inch M1 chip: from $999; 13-inch M2 chip: from $1099; 15-inch M2 chip: from $1299,possible,Compare the prices of the latest models of MacBook Air available on Apple's website.,8,D:\BrowseGent\logs\webvoyager-lite\webvoyager_lite_1788244732279\traces\webvoyager_lite_1788244732279_webvoyager_Apple__0_a1\
webvoyager_lite_1788244732279,browsegent,Apple--10,True,"The latest MacBook Pro models are the 14-inch and 16-inch versions, which feature the M5, M5 Pro, or M5 Max chips. Pricing starts at $1999 for the 14-inch model and $2999 for the 16-inch model.",,0,0,mismatch,normal,reference_mismatch,0,"Macbook Pro; processor type: Apple M3 chip, Apple M3 Pro chip, Apple M3 Max chip; memory size: 8GB, 16GB, 18GB, 24GB, 36GB, 48GB, 64GB, 96GB, 128GB; storage capacity: 512GB, 1TB, 2TB, 4TB, 8TB",possible,"Find information on the latest (as of today's date) MacBook model, including its key features such as processor type, memory size, and storage capacity.",6,D:\BrowseGent\logs\webvoyager-lite\webvoyager_lite_1788244732279\traces\webvoyager_lite_1788244732279_webvoyager_Apple__10_a1\
webvoyager_lite_1788244732279,browsegent,ArXiv--0,True,The latest preprints for 'quantum computing' on arXiv are: 1. arXiv:2608.31173 (announced date: newest first) and 2. arXiv:2608.31117.,,1,1,partial,normal,,1,Any paper related to quantum computing (latest),possible,Search for the latest preprints about 'quantum computing'.,12,D:\BrowseGent\logs\webvoyager-lite\webvoyager_lite_1788244732279\traces\webvoyager_lite_1788244732279_webvoyager_ArXiv__0_a1\
webvoyager_lite_1788244732279,browsegent,ArXiv--10,True,"To withdraw an article that has not yet been announced, you must contact the arXiv administrators directly, as the submission is not yet publicly available.",,0,0,mismatch,normal,reference_mismatch,0,If your submission has not yet become publicly available you may delete or delay it. To do either of these things go to your user page and select either the Delete or Unsubmit icon.,golden,Visit ArXiv Help on how to withdraw an article if the submission is not yet announced.,13,D:\BrowseGent\logs\webvoyager-lite\webvoyager_lite_1788244732279\traces\webvoyager_lite_1788244732279_webvoyager_ArXiv__10_a1\
webvoyager_lite_1788244732279,browsegent,BBC News--0,True,https://www.bbc.com/news/science-environment,,0,0,mismatch,normal,reference_mismatch,0,<report> (about developments in renewable energy technologies in the UK),possible,Find a report on the BBC News website about recent developments in renewable energy technologies in the UK.,13,D:\BrowseGent\logs\webvoyager-lite\webvoyager_lite_1788244732279\traces\webvoyager_lite_1788244732279_webvoyager_BBC__News__0_a1\
webvoyager_lite_1788244732279,browsegent,BBC News--10,True,"The main headline identified on the BBC News Science & Environment page regarding the UK's climate change impact is: 'Giant whales move into Greenland waters as ice disappears', which notes that melting sea ice from climate change has opened up the region for giant whales to undertake 'feeding frenzies'.",,0,0,mismatch,normal,reference_mismatch,0,News about UK's plan to tackle climate change,possible,Identify the main headlines covering the UK's plan to tackle climate change on BBC News.,6,D:\BrowseGent\logs\webvoyager-lite\webvoyager_lite_1788244732279\traces\webvoyager_lite_1788244732279_webvoyager_BBC__News__10_a1\
webvoyager_lite_1788244732279,browsegent,Booking--0,False,Mexico,v2_max_steps_exhausted,0,0,mismatch,normal,benchmark_result_failed|reference_mismatch,0,Be Local,possible,Find a Mexico hotel with deals for December 25-26.,13,D:\BrowseGent\logs\webvoyager-lite\webvoyager_lite_1788244732279\traces\webvoyager_lite_1788244732279_webvoyager_Booking__0_a1\
webvoyager_lite_1788244732279,browsegent,Booking--10,False,"Paris City CentreParis, Ile de France, France option",v2_max_steps_exhausted,0,0,mismatch,normal,benchmark_result_failed|reference_mismatch,0,Villa Alessandra,possible,"Find a well-reviewed hotel in Paris with available bookings suitable for a couple (2 adults) on Valentine's Day week, February 14-21, 2024, that offers free cancellation options.",13,D:\BrowseGent\logs\webvoyager-lite\webvoyager_lite_1788244732279\traces\webvoyager_lite_1788244732279_webvoyager_Booking__10_a1\
webvoyager_lite_1788244732279,browsegent,Cambridge Dictionary--0,False,,"planner_escalated:captcha:The page is currently blocked by a Cloudflare 'Just a moment...' challenge, preventing access to the dictionary search functionality.",0,0,not_applicable,environment_block,benchmark_result_failed|environment_block,0,"UK: /səˌsteɪ.nəˈbɪl.ə.ti/, US: /səˌsteɪ.nəˈbɪl.ə.t̬i/; the quality of being able to continue over a period of time",golden,"Look up the pronunciation and definition of the word ""sustainability"" on the Cambridge Dictionary.",1,D:\BrowseGent\logs\webvoyager-lite\webvoyager_lite_1788244732279\traces\webvoyager_lite_1788244732279_webvoyager_Cambridge__Dictionary__0_a1\
webvoyager_lite_1788244732279,browsegent,Cambridge Dictionary--10,False,,"planner_escalated:captcha:The page is currently blocked by a Cloudflare 'Just a moment...' challenge, preventing access to the dictionary content.",0,0,not_applicable,environment_block,benchmark_result_failed|environment_block,0,"UK: /ɪmˈpek.ə.bəl/, US: /ɪmˈpek.ə.bəl/; perfect, with no problems or bad parts; His English is impeccable.",possible,"Look up the definition and pronunciation of the word ""impeccable"" and also find an example sentence using that word.",1,D:\BrowseGent\logs\webvoyager-lite\webvoyager_lite_1788244732279\traces\webvoyager_lite_1788244732279_webvoyager_Cambridge__Dictionary__10_a1\
webvoyager_lite_1788244732279,browsegent,Coursera--0,True,"The '3D Printing Software' course, offered by the University of Illinois Urbana-Champaign, is a beginner-level course that lasts 1-3 months.",,0,0,mismatch,normal,reference_mismatch,0,"Rapid Prototyping Using 3D Printing, Specialization",possible,"Find a beginner-level online course about '3d printing' which lasts 1-3 months, and is provided by a renowned university.",3,D:\BrowseGent\logs\webvoyager-lite\webvoyager_lite_1788244732279\traces\webvoyager_lite_1788244732279_webvoyager_Coursera__0_a1\
webvoyager_lite_1788244732279,browsegent,Coursera--10,True,"An introductory course suitable for beginners that includes modules on ethical considerations is 'Ethics of Artificial Intelligence' offered by Politecnico di Milano. It is rated 4.8 stars, is designed for beginners, and covers topics such as AI literacy, Responsible AI, and Social Impact.",,1,1,partial,normal,,1,Introduction to Artificial Intelligence (AI),possible,"Locate an introductory course related to artificial intelligence on Coursera, ensuring it's suitable for beginners and contains at least one module discussing Ethical Considerations.",4,D:\BrowseGent\logs\webvoyager-lite\webvoyager_lite_1788244732279\traces\webvoyager_lite_1788244732279_webvoyager_Coursera__10_a1\
webvoyager_lite_1788244732279,browsegent,ESPN--0,True,"The current NBA Eastern Conference standings for the 2025-26 season are: 1. Detroit Pistons (6-0), 2. Boston Celtics (8-2), 3. New York Knicks (8-2), 4. Cleveland Cavaliers (7-3), 5. Toronto Raptors (6-4), 6. Atlanta Hawks (6-4), 7. Philadelphia 76ers (5-4), 8. Orlando Magic (5-4), 9. Charlotte Hornets (4-3), 10. Miami Heat (4-3). Teams currently outside the top 10 are Milwaukee Bucks, Chicago Bul",,1,1,partial,normal,,1,<standings> (NBA Eastern Conference),possible,Look up the current standings for the NBA Eastern Conference on ESPN.,6,D:\BrowseGent\logs\webvoyager-lite\webvoyager_lite_1788244732279\traces\webvoyager_lite_1788244732279_webvoyager_ESPN__0_a1\
webvoyager_lite_1788244732279,browsegent,ESPN--10,True,"The latest college football championship game is not currently listed on the ESPN scoreboard page. The page displays recent season opener results, such as USC's 42-26 win over San Jose State.",,1,1,partial,normal,,1,<score>; <summary> (latest college football championship game),possible,Check ESPN for the score and a brief recap of the latest college football championship game.,13,D:\BrowseGent\logs\webvoyager-lite\webvoyager_lite_1788244732279\traces\webvoyager_lite_1788244732279_webvoyager_ESPN__10_a1\
webvoyager_lite_1788244732279,browsegent,GitHub--0,False,"The open-source project 'WorldWindLabs/AgroSphere' has the most stars among the top results, with 20 stars.",answer_contract_failed:missing_ranking_evidence,0,0,mismatch,normal,benchmark_result_failed|reference_mismatch,0,resource-watch/resource-watch,golden,Search for an open-source project related to 'climate change data visualization' on GitHub and report the project with the most stars.,12,D:\BrowseGent\logs\webvoyager-lite\webvoyager_lite_1788244732279\traces\webvoyager_lite_1788244732279_webvoyager_GitHub__0_a1\
webvoyager_lite_1788244732279,browsegent,GitHub--10,True,"GitHub Copilot Individual is available in several tiers. The 'Pro' plan, which is the standard offering for individual developers, costs $10 USD per user/month ($120 USD per year). Features include: access to cloud agents and code review, unlimited code completion and next edit suggestions, access to 3rd party agents (Claude Code and Codex), model selection, and $15 monthly total credits for Pro. ",,0,0,partial,normal,,0.5,"$100 per year; Code completions, Chat, and more for indie developers and freelancers.",golden,"If I start using Copilot Individual, how much US dollars will it cost per year and what features does it have?",4,D:\BrowseGent\logs\webvoyager-lite\webvoyager_lite_1788244732279\traces\webvoyager_lite_1788244732279_webvoyager_GitHub__10_a1\
webvoyager_lite_1788244732279,browsegent,Google Flights--0,False,"The flight search for Edinburgh to Manchester on December 28th with a same-day return is not yet complete. The current page is the initial Google Flights search interface where the destination 'Manchester' has not been entered, and the travel dates have not been selected. Please provide the flight results or allow me to proceed with entering the destination and dates to find the lowest price.",answer_contract_failed:missing_ranking_evidence,0,0,mismatch,normal,benchmark_result_failed|reference_mismatch,0,"Aer Lingus 11:40am - 4:45pm, $412 (real-time)",possible,Book a journey with return option on same day from Edinburg to Manchester on December 28th and show me the lowest price option available.,13,D:\BrowseGent\logs\webvoyager-lite\webvoyager_lite_1788244732279\traces\webvoyager_lite_1788244732279_webvoyager_Google__Flights__0_a1\
webvoyager_lite_1788244732279,browsegent,Google Flights--10,True,"The search for flights from New York to Tokyo for the specified dates (January 25, 2027, to February 15, 2027) is currently blocked because the origin field is not correctly set to New York, and the interface is showing results for a different origin (India). Please reset the search or manually update the origin to 'New York' to proceed with finding the cheapest flights.",,0,0,mismatch,normal,reference_mismatch,0,"Air Canada, 9:15 AM – 4:50 PM(+1), $1169 (real-time)",possible,"Locate the cheapest round-trip flights from New York to Tokyo leaving on January 25, 2024, and returning on February 15, 2024.",13,D:\BrowseGent\logs\webvoyager-lite\webvoyager_lite_1788244732279\traces\webvoyager_lite_1788244732279_webvoyager_Google__Flights__10_a1\
webvoyager_lite_1788244732279,browsegent,Google Map--0,True,"The following beauty salons in Seattle, WA have ratings of 4.8 or higher: 1. Vann Studio Salon (4.8 stars, 2123 1st Ave), 2. Fix Salon Seattle (4.8 stars, 6027 Roosevelt Way NE #6610). Note: Other salons listed in the current view (Liana Hair Salon, Sensa Salon) have ratings of 4.7, which is below the requested threshold.",,0,0,mismatch,normal,reference_mismatch,0,"Beehive Salon, Intermezzo Salon & Spa, Cindy's Beauty Salon, The Red Chair Salon, Ella and Oz Salon",possible,"Find 5 beauty salons with ratings greater than 4.8 in Seattle, WA.",7,D:\BrowseGent\logs\webvoyager-lite\webvoyager_lite_1788244732279\traces\webvoyager_lite_1788244732279_webvoyager_Google__Map__0_a1\
webvoyager_lite_1788244732279,browsegent,Google Map--10,True,"Castle Mountains National Monument is a national reserve located in Barstow, CA 92311, United States. It is a protected area featuring rare desert grassland, Joshua tree forests, and the 'Castle Peaks' rock spires. It is open 24 hours, and more information can be found at nps.gov.",,1,1,partial,normal,,1,"located in Barstow, CA 92311; open 24 hours; phone number is (760) 252-6100",possible,Search for a park in the state of California called Castle Mountains National Monument and find out it's Basic Information.,4,D:\BrowseGent\logs\webvoyager-lite\webvoyager_lite_1788244732279\traces\webvoyager_lite_1788244732279_webvoyager_Google__Map__10_a1\
webvoyager_lite_1788244732279,browsegent,Google Search--0,False,,"planner_escalated:captcha:The search request triggered a Google CAPTCHA challenge, preventing access to the search results.",0,0,not_applicable,environment_block,benchmark_result_failed|environment_block,0,"May 5, 2023",golden,Find the initial release date for Guardians of the Galaxy Vol. 3 the movie.,4,D:\BrowseGent\logs\webvoyager-lite\webvoyager_lite_1788244732279\traces\webvoyager_lite_1788244732279_webvoyager_Google__Search__0_a1\
webvoyager_lite_1788244732279,browsegent,Google Search--10,False,,"planner_escalated:captcha:The search request triggered a Google CAPTCHA block, preventing access to the Billboard chart data.",0,0,not_applicable,environment_block,benchmark_result_failed|environment_block,0,"Taylor Swift, 10 songs (different sources have different results)",possible,Find the no. 1 weekly charts ranked artist based on Billboard and tell me 10 most played song by this artist until now.,4,D:\BrowseGent\logs\webvoyager-lite\webvoyager_lite_1788244732279\traces\webvoyager_lite_1788244732279_webvoyager_Google__Search__10_a1\
webvoyager_lite_1788244732279,browsegent,Huggingface--0,True,"The model 'mrm8488/distilroberta-finetuned-financial-news-sentiment-analysis' is a pre-trained natural language processing model for sentiment analysis. Its last update, as indicated by the commit 'Adding `safetensors` variant of this model (#3)', occurred on March 16, 2023.",,1,1,exact,normal,,1,distilroberta-finetuned-financial-news-sentiment-analysis,possible,"Find a pre-trained natural language processing model on Hugging Face that can perform sentiment analysis, and make sure the model's last update is within March 2023.",4,D:\BrowseGent\logs\webvoyager-lite\webvoyager_lite_1788244732279\traces\webvoyager_lite_1788244732279_webvoyager_Huggingface__0_a1\
webvoyager_lite_1788244732279,browsegent,Huggingface--10,True,"The requested space 'argilla/notux-chat-ui' resulted in a 404 error on Hugging Face, meaning the space does not exist or is currently unavailable.",,0,0,mismatch,normal,reference_mismatch,0,Mistral AI team,golden,Open space: argilla/notux-chat-ui and interact with it by asking it 'which team trained you'. What is its answer.,11,D:\BrowseGent\logs\webvoyager-lite\webvoyager_lite_1788244732279\traces\webvoyager_lite_1788244732279_webvoyager_Huggingface__10_a1\
webvoyager_lite_1788244732279,browsegent,Wolfram Alpha--0,True,The derivative of x^2 at x=5.6 is 11.2.,,1,1,exact,normal,,1,11.2,golden,derivative of x^2 when x=5.6,9,D:\BrowseGent\logs\webvoyager-lite\webvoyager_lite_1788244732279\traces\webvoyager_lite_1788244732279_webvoyager_Wolfram__Alpha__0_a1\
webvoyager_lite_1788244732279,browsegent,Wolfram Alpha--10,True,"On June 20, 2023, in Oslo, Norway, the geomagnetic field components were: total intensity approximately 51.5 microteslas, horizontal intensity approximately 15.1 microteslas, vertical intensity approximately 49.2 microteslas, and magnetic declination approximately 1.18 degrees.",,0,0,partial,normal,,0.5,"geomagnetic field, total 51.5 uT;",golden,"Give the geomagnetic field on June 20, 2023 in Oslo.",4,D:\BrowseGent\logs\webvoyager-lite\webvoyager_lite_1788244732279\traces\webvoyager_lite_1788244732279_webvoyager_Wolfram__Alpha__10_a1\
webvoyager_lite_1788360177393,browser-control,Allrecipes--3,True,https://www.allrecipes.com/recipe/244736/vegan-chocolate-chip-cookies/,,0,0,mismatch,normal,reference_mismatch,0,"'Vegan Chocolate Chip, Oatmeal, and Nut Cookies', 4.9 star, 67 viewers (> 60)",golden,Locate a recipe for vegan chocolate chip cookies with over 60 reviews and a rating of at least 4.5 stars on Allrecipes.,12,
webvoyager_lite_1788360177393,browser-control,Allrecipes--10,True,"The requested information regarding the most popular recipes of the 1960s is not available on the current page, as the specific content page is missing.",,0,0,mismatch,normal,reference_mismatch,0,"'Swedish Meatballs I', prep time 25 mins, total time 1 hour 25 mins",golden,"Find The Most Popular Recipes of the 1960s, noting the recipe name, preparation time and total time of the second recipe in this collection.",12,
webvoyager_lite_1788360177393,browser-control,Amazon--0,True,"I found several Xbox Wireless controllers in green with ratings above 4 stars on Amazon: 1. 'Xbox Wireless Gaming Controller | Velocity Green' (4.6 stars, 884 ratings), 2. 'Microsoft Xbox Wireless Controller - Velocity Green' (4.7 stars, 1.8K ratings), 3. 'Xbox Core Wireless Gaming Controller – Velocity Green' (4.6 stars, 3K ratings), and 4. 'Retro Fighters Hunter XBOX Wireless Controller, Green' ",,1,1,partial,normal,,1,Xbox Core Wireless Gaming Controller - Velocity Green; 4.7-star,possible,Search an Xbox Wireless controller with green color and rated above 4 stars.,4,
webvoyager_lite_1788360177393,browser-control,Amazon--10,True,"The provided text does not list a specific price for the 2-year protection plan, as it states 'No featured offers available' and 'This item cannot be shipped to your selected delivery location'.",,0,0,mismatch,normal,reference_mismatch,0,Sony Playstation PS4 1TB Black Console; 2-Year Protection for $30.99,possible,Find the cost of a 2-year protection for PS4 on Amazon.,12,
webvoyager_lite_1788360177393,browser-control,Apple--0,True,"On Apple's official website, the latest MacBook Air models are priced as follows: The 13-inch MacBook Air starts at $1,299, and the 15-inch MacBook Air starts at $1,499.",,0,0,mismatch,normal,reference_mismatch,0,MacBook Air 13-inch M1 chip: from $999; 13-inch M2 chip: from $1099; 15-inch M2 chip: from $1299,possible,Compare the prices of the latest models of MacBook Air available on Apple's website.,11,
webvoyager_lite_1788360177393,browser-control,Apple--10,True,"The latest MacBook Pro models are powered by the M5, M5 Pro, and M5 Max chips, which are designed for high-performance tasks including advanced AI processing. Key features include: 1) Processor: M5 family (M5, M5 Pro, M5 Max) with built-in Neural Accelerators for AI. 2) Display: Liquid Retina XDR display with up to 1600 nits peak HDR brightness and optional Nano-texture glass. 3) Battery Life: Up ",,0,0,mismatch,normal,reference_mismatch,0,"Macbook Pro; processor type: Apple M3 chip, Apple M3 Pro chip, Apple M3 Max chip; memory size: 8GB, 16GB, 18GB, 24GB, 36GB, 48GB, 64GB, 96GB, 128GB; storage capacity: 512GB, 1TB, 2TB, 4TB, 8TB",possible,"Find information on the latest (as of today's date) MacBook model, including its key features such as processor type, memory size, and storage capacity.",4,
webvoyager_lite_1788360177393,browser-control,ArXiv--0,True,"The latest preprints regarding 'quantum computing' on arXiv include: arXiv:2609.00488, arXiv:2609.00306, arXiv:2609.00138, arXiv:2608.30783, and arXiv:2608.30565. These results are sorted by announcement date (newest first) as of the current search query on https://arxiv.org/search/physics?query=quantum+computing&searchtype=all&abstracts=show&order=-announced_date_first&size=50.",,1,1,partial,normal,,1,Any paper related to quantum computing (latest),possible,Search for the latest preprints about 'quantum computing'.,6,
webvoyager_lite_1788360177393,browser-control,ArXiv--10,True,"If your submission has not yet been announced, you can withdraw it by going to your user page, selecting the submission, and choosing the option to withdraw it. If you have trouble, you should contact arXiv administrators.",,0,0,mismatch,normal,reference_mismatch,0,If your submission has not yet become publicly available you may delete or delay it. To do either of these things go to your user page and select either the Delete or Unsubmit icon.,golden,Visit ArXiv Help on how to withdraw an article if the submission is not yet announced.,11,
webvoyager_lite_1788360177393,browser-control,BBC News--0,True,"The BBC News report titled 'Up to 180 wind farm jobs to be created at Nigg in Easter Ross' details recent developments in renewable energy in the UK. The article highlights that up to 180 jobs are expected to be created at the Nigg site in Easter Ross, which is part of the broader renewable energy infrastructure growth in the region, including projects like the Inverness and Cromarty Firth Green F",,1,1,partial,normal,,1,<report> (about developments in renewable energy technologies in the UK),possible,Find a report on the BBC News website about recent developments in renewable energy technologies in the UK.,12,
webvoyager_lite_1788360177393,browser-control,BBC News--10,True,"The main headlines covering climate change and related policies in the UK on BBC News include: 1. 'Essex swings the axe on net-zero policies – what is being cut?' 2. ''Growing food here isn't profitable, solar is' - Cranwell farmer Joe Ward is defending plans to build solar farms.' 3. ''With London in drought we need to change how we think about water' - Experts discuss climate change impacts.' 4.",,1,1,partial,normal,,1,News about UK's plan to tackle climate change,possible,Identify the main headlines covering the UK's plan to tackle climate change on BBC News.,4,
webvoyager_lite_1788360177393,browser-control,Booking--0,True,The provided text does not contain specific hotel deals for Mexico for December 25-26. You can use the search tool on the page by entering 'Mexico' in the 'Enter destination' field and selecting the dates 'December 25' to 'December 26' in the 'Select dates' field to find available deals.,,0,0,mismatch,normal,reference_mismatch,0,Be Local,possible,Find a Mexico hotel with deals for December 25-26.,12,
webvoyager_lite_1788360177393,browser-control,Booking--10,True,"The provided webpage is a general search interface for Booking.com and does not contain specific hotel listings or availability for Paris for the requested dates of February 14-21, 2027. To find a hotel, you must enter 'Paris' into the 'Enter destination' field and select the dates on the calendar provided on the site.",,0,0,mismatch,normal,reference_mismatch,0,Villa Alessandra,possible,"Find a well-reviewed hotel in Paris with available bookings suitable for a couple (2 adults) on Valentine's Day week, February 14-21, 2024, that offers free cancellation options.",12,
webvoyager_lite_1788360177393,browser-control,Cambridge Dictionary--0,True,The requested information could not be retrieved because the Cambridge Dictionary website is currently displaying a security verification page.,,0,0,mismatch,normal,reference_mismatch,0,"UK: /səˌsteɪ.nəˈbɪl.ə.ti/, US: /səˌsteɪ.nəˈbɪl.ə.t̬i/; the quality of being able to continue over a period of time",golden,"Look up the pronunciation and definition of the word ""sustainability"" on the Cambridge Dictionary.",12,
webvoyager_lite_1788360177393,browser-control,Cambridge Dictionary--10,True,The word 'impeccable' is an adjective defined as 'without mistakes or faults' (synonym: perfect). Its pronunciation is /ɪmˈpekəbl/. An example sentence provided is: 'Her written English is impeccable.',,0,0,mismatch,normal,reference_mismatch,0,"UK: /ɪmˈpek.ə.bəl/, US: /ɪmˈpek.ə.bəl/; perfect, with no problems or bad parts; His English is impeccable.",possible,"Look up the definition and pronunciation of the word ""impeccable"" and also find an example sentence using that word.",8,
webvoyager_lite_1788360177393,browser-control,Coursera--0,True,A suitable beginner-level course is 'The 3D Printing Revolution' provided by the University of Illinois Urbana-Champaign on Coursera. It is designed for beginners and fits within the 1-3 month timeframe typical for such courses on the platform. You can find it at https://www.coursera.org/search?query=3d%20printing.,,0,0,mismatch,normal,reference_mismatch,0,"Rapid Prototyping Using 3D Printing, Specialization",possible,"Find a beginner-level online course about '3d printing' which lasts 1-3 months, and is provided by a renowned university.",12,
webvoyager_lite_1788360177393,browser-control,Coursera--10,True,"The course 'Introduction to Artificial Intelligence (AI)' on Coursera is an introductory-level course suitable for beginners. It features a dedicated module titled 'Issues, Concerns, and Ethical Considerations' (Module 4), which covers the ethical implications of AI. You can find more details at: https://www.coursera.org/learn/introduction-to-ai",,1,1,exact,normal,,1,Introduction to Artificial Intelligence (AI),possible,"Locate an introductory course related to artificial intelligence on Coursera, ensuring it's suitable for beginners and contains at least one module discussing Ethical Considerations.",6,
webvoyager_lite_1788360177393,browser-control,ESPN--0,True,"The 2025-26 NBA Eastern Conference standings feature teams including Boston (BOS), New York (NY), Cleveland (CLE), Toronto (TOR), Atlanta (ATL), Philadelphia (PHI), Orlando (ORL), Charlotte (CHA), Miami (MIA), Milwaukee (MIL), Chicago (CHI), Brooklyn (BKN), Indiana (IND), and Washington (WSH). Detailed standings can be viewed at https://www.espn.com/nba/standings.",,1,1,partial,normal,,1,<standings> (NBA Eastern Conference),possible,Look up the current standings for the NBA Eastern Conference on ESPN.,5,
webvoyager_lite_1788360177393,browser-control,ESPN--10,True,The latest College Football Playoff National Championship game was played between the 10th-ranked Miami Hurricanes and the 1st-ranked Indiana Hoosiers. Indiana won the game with a final score of 27-21.,,1,1,partial,normal,,1,<score>; <summary> (latest college football championship game),possible,Check ESPN for the score and a brief recap of the latest college football championship game.,5,
webvoyager_lite_1788360177393,browser-control,GitHub--0,True,"The open-source project related to 'climate change data visualization' with the most stars among the top search results on GitHub is 'resource-watch/resource-watch', which currently has 73 stars. You can find it at https://github.com/resource-watch/resource-watch.",,1,1,exact,normal,,1,resource-watch/resource-watch,golden,Search for an open-source project related to 'climate change data visualization' on GitHub and report the project with the most stars.,2,
webvoyager_lite_1788360177393,browser-control,GitHub--10,True,"GitHub Copilot Individual (the 'Pro' plan) costs $10 USD per month, which totals $120 USD per year. Key features included in the Pro plan are: AI-powered code completion in the IDE, chat capabilities, and access to advanced models to assist with coding tasks, debugging, and documentation.",,0,0,mismatch,normal,reference_mismatch,0,"$100 per year; Code completions, Chat, and more for indie developers and freelancers.",golden,"If I start using Copilot Individual, how much US dollars will it cost per year and what features does it have?",12,
webvoyager_lite_1788360177393,browser-control,Google Flights--0,True,The provided text does not contain specific flight pricing or booking availability for Edinburgh to Manchester on December 28th; it is a general landing page for Google Flights.,,0,0,mismatch,normal,reference_mismatch,0,"Aer Lingus 11:40am - 4:45pm, $412 (real-time)",possible,Book a journey with return option on same day from Edinburg to Manchester on December 28th and show me the lowest price option available.,12,
webvoyager_lite_1788360177393,browser-control,Google Flights--10,True,"The provided text does not contain flight information for the requested route (New York to Tokyo) or dates (January 25, 2027, to February 15, 2027). It is a generic Google Flights landing page for users in India.",,0,0,mismatch,normal,reference_mismatch,0,"Air Canada, 9:15 AM – 4:50 PM(+1), $1169 (real-time)",possible,"Locate the cheapest round-trip flights from New York to Tokyo leaving on January 25, 2024, and returning on February 15, 2024.",12,
webvoyager_lite_1788360177393,browser-control,Google Map--0,True,"Here are 5 beauty salons in Seattle, WA with ratings of 4.8 or higher: 1. YSA Beauty Studio (5.0 rating), 2. Lady Neptune Hair Salon, University District (5.0 rating), 3. Fix Salon Seattle (4.8 rating). Note: The current view shows these top-rated options. Additional salons with high ratings can be found by further scrolling or refining the search.",,0,0,mismatch,normal,reference_mismatch,0,"Beehive Salon, Intermezzo Salon & Spa, Cindy's Beauty Salon, The Red Chair Salon, Ella and Oz Salon",possible,"Find 5 beauty salons with ratings greater than 4.8 in Seattle, WA.",10,
webvoyager_lite_1788360177393,browser-control,Google Map--10,True,"Castle Mountains National Monument is a protected area in California known for its rare desert grassland, Joshua tree forests, and the 'Castle Peaks' rock spires. Basic information: Location: Barstow, CA 92311, United States; Hours: Open 24 hours; Website: nps.gov; Phone: +1 760-252-6100.",,1,1,partial,normal,,1,"located in Barstow, CA 92311; open 24 hours; phone number is (760) 252-6100",possible,Search for a park in the state of California called Castle Mountains National Monument and find out it's Basic Information.,4,
webvoyager_lite_1788360177393,browser-control,Google Search--0,True,"April 22, 2023",,0,0,mismatch,normal,reference_mismatch,0,"May 5, 2023",golden,Find the initial release date for Guardians of the Galaxy Vol. 3 the movie.,12,
webvoyager_lite_1788360177393,browser-control,Google Search--10,True,"The number 1 ranked artist on the Billboard Artist 100 for the week of September 5, 2026, is Morgan Wallen. His 10 most played songs (based on Spotify streaming data) are: 1. Last Night, 2. Whiskey Glasses, 3. You Proof, 4. Wasted on You, 5. Chasin' You, 6. Thought You Should Know, 7. 7 Summers, 8. Sand in My Boots, 9. More Than My Hometown, and 10. Cover Me Up.",,0,0,mismatch,normal,reference_mismatch,0,"Taylor Swift, 10 songs (different sources have different results)",possible,Find the no. 1 weekly charts ranked artist based on Billboard and tell me 10 most played song by this artist until now.,12,
webvoyager_lite_1788360177393,browser-control,Huggingface--0,True,"The model 'finiteautomata/beto-headlines-sentiment-analysis' on Hugging Face is a sentiment analysis model that was last updated on March 28, 2023. You can find it at https://huggingface.co/finiteautomata/beto-headlines-sentiment-analysis.",,0,0,mismatch,normal,reference_mismatch,0,distilroberta-finetuned-financial-news-sentiment-analysis,possible,"Find a pre-trained natural language processing model on Hugging Face that can perform sentiment analysis, and make sure the model's last update is within March 2023.",4,
webvoyager_lite_1788360177393,browser-control,Huggingface--10,True,"The space 'argilla/notux-chat-ui' could not be accessed as it returned a 404 error on Hugging Face, indicating the space does not exist or has been removed.",,0,0,mismatch,normal,reference_mismatch,0,Mistral AI team,golden,Open space: argilla/notux-chat-ui and interact with it by asking it 'which team trained you'. What is its answer.,2,
webvoyager_lite_1788360177393,browser-control,Wolfram Alpha--0,True,11.2,,1,1,exact,normal,,1,11.2,golden,derivative of x^2 when x=5.6,12,
webvoyager_lite_1788360177393,browser-control,Wolfram Alpha--10,True,"The provided text does not contain the specific geomagnetic field values for Oslo on June 20, 2023; it only displays the input interpretation interface for Wolfram|Alpha.",,0,0,partial,normal,,0.5,"geomagnetic field, total 51.5 uT;",golden,"Give the geomagnetic field on June 20, 2023 in Oslo.",12,
